ftp://ftp.sra.ebi.ac.uk/vol1/fastq/ERR204/ERR204839/ERR204839_2.fastq.gz	fa12be137cdb5e9dbd784d342c43b48c	Geuvadis	sequence	mRNA	NA12761	CEU	http://ftp.1000genomes.ebi.ac.uk/vol1/ftp/data_collections/geuvadis/README_geuvadis_datareuse_statement.md
ftp://ftp.sra.ebi.ac.uk/vol1/fastq/ERR204/ERR204841/ERR204841_1.fastq.gz	0dffd16fa6769e0c7f6b9b80da90dcbd	Geuvadis	sequence	mRNA	NA11994	CEU	http://ftp.1000genomes.ebi.ac.uk/vol1/ftp/data_collections/geuvadis/README_geuvadis_datareuse_statement.md
ftp://ftp.sra.ebi.ac.uk/vol1/fastq/ERR204/ERR204839/ERR204839_1.fastq.gz	621f5134b59f73e048c0e46ebe4d2747	Geuvadis	sequence	mRNA	NA12761	CEU	http://ftp.1000genomes.ebi.ac.uk/vol1/ftp/data_collections/geuvadis/README_geuvadis_datareuse_statement.md
ftp://ftp.sra.ebi.ac.uk/vol1/fastq/ERR204/ERR204990/ERR204990_1.fastq.gz	7518d36a0164d62bf935c4c5a083dd5b	Geuvadis	sequence	mRNA	NA07037	CEU	http://ftp.1000genomes.ebi.ac.uk/vol1/ftp/data_collections/geuvadis/README_geuvadis_datareuse_statement.md
ftp://ftp.sra.ebi.ac.uk/vol1/fastq/ERR204/ERR204990/ERR204990_2.fastq.gz	b9246fe27c299e7c03d9629b1006d58a	Geuvadis	sequence	mRNA	NA07037	CEU	http://ftp.1000genomes.ebi.ac.uk/vol1/ftp/data_collections/geuvadis/README_geuvadis_datareuse_statement.md
ftp://ftp.sra.ebi.ac.uk/vol1/fastq/ERR204/ERR204960/ERR204960_2.fastq.gz	a09423f44362ec59a3e128935429d7a7	Geuvadis	sequence	mRNA	NA07048	CEU	http://ftp.1000genomes.ebi.ac.uk/vol1/ftp/data_collections/geuvadis/README_geuvadis_datareuse_statement.md
ftp://ftp.sra.ebi.ac.uk/vol1/fastq/ERR204/ERR204841/ERR204841_2.fastq.gz	b2a5fbd2b3afe5348b7603990f3291d4	Geuvadis	sequence	mRNA	NA11994	CEU	http://ftp.1000genomes.ebi.ac.uk/vol1/ftp/data_collections/geuvadis/README_geuvadis_datareuse_statement.md
ftp://ftp.sra.ebi.ac.uk/vol1/fastq/ERR204/ERR204977/ERR204977_1.fastq.gz	5c82ea04735e7d287e25d5dbcd061bc3	Geuvadis	sequence	mRNA	NA12775	CEU	http://ftp.1000genomes.ebi.ac.uk/vol1/ftp/data_collections/geuvadis/README_geuvadis_datareuse_statement.md
ftp://ftp.sra.ebi.ac.uk/vol1/fastq/ERR204/ERR204960/ERR204960_1.fastq.gz	7c002de170e6aa3b1f915835f6d7d7c4	Geuvadis	sequence	mRNA	NA07048	CEU	http://ftp.1000genomes.ebi.ac.uk/vol1/ftp/data_collections/geuvadis/README_geuvadis_datareuse_statement.md
ftp://ftp.sra.ebi.ac.uk/vol1/fastq/ERR204/ERR204977/ERR204977_2.fastq.gz	bd1369ee8ee505055cce17d5242b2858	Geuvadis	sequence	mRNA	NA12775	CEU	http://ftp.1000genomes.ebi.ac.uk/vol1/ftp/data_collections/geuvadis/README_geuvadis_datareuse_statement.md
ftp://ftp.sra.ebi.ac.uk/vol1/fastq/ERR204/ERR204958/ERR204958_1.fastq.gz	f471cd0c967870b41d4e50305a79ff1d	Geuvadis	sequence	mRNA	NA07051	CEU	http://ftp.1000genomes.ebi.ac.uk/vol1/ftp/data_collections/geuvadis/README_geuvadis_datareuse_statement.md
ftp://ftp.sra.ebi.ac.uk/vol1/fastq/ERR204/ERR204848/ERR204848_1.fastq.gz	9dcffced13cf943d1ccfa78ebe8a9e80	Geuvadis	sequence	mRNA	NA11832	CEU	http://ftp.1000genomes.ebi.ac.uk/vol1/ftp/data_collections/geuvadis/README_geuvadis_datareuse_statement.md
ftp://ftp.sra.ebi.ac.uk/vol1/fastq/ERR204/ERR204848/ERR204848_2.fastq.gz	05ca848db65726e8e39137bc8a27c5f2	Geuvadis	sequence	mRNA	NA11832	CEU	http://ftp.1000genomes.ebi.ac.uk/vol1/ftp/data_collections/geuvadis/README_geuvadis_datareuse_statement.md
ftp://ftp.sra.ebi.ac.uk/vol1/fastq/ERR204/ERR204929/ERR204929_1.fastq.gz	a680b45ee38da20b5179901d1624bc34	Geuvadis	sequence	mRNA	NA06986	CEU	http://ftp.1000genomes.ebi.ac.uk/vol1/ftp/data_collections/geuvadis/README_geuvadis_datareuse_statement.md
ftp://ftp.sra.ebi.ac.uk/vol1/fastq/ERR204/ERR204946/ERR204946_2.fastq.gz	a1b6215a0244aa9d18844b1ea22653a5	Geuvadis	sequence	mRNA	NA12287	CEU	http://ftp.1000genomes.ebi.ac.uk/vol1/ftp/data_collections/geuvadis/README_geuvadis_datareuse_statement.md
ftp://ftp.sra.ebi.ac.uk/vol1/fastq/ERR204/ERR204958/ERR204958_2.fastq.gz	44747d418d8821c0327e8d5434313324	Geuvadis	sequence	mRNA	NA07051	CEU	http://ftp.1000genomes.ebi.ac.uk/vol1/ftp/data_collections/geuvadis/README_geuvadis_datareuse_statement.md
ftp://ftp.sra.ebi.ac.uk/vol1/fastq/ERR204/ERR204875/ERR204875_2.fastq.gz	f73addba06927aba06a0b080b97546f6	Geuvadis	sequence	mRNA	NA12546	CEU	http://ftp.1000genomes.ebi.ac.uk/vol1/ftp/data_collections/geuvadis/README_geuvadis_datareuse_statement.md
ftp://ftp.sra.ebi.ac.uk/vol1/fastq/ERR204/ERR204875/ERR204875_1.fastq.gz	4df71fce5811a0ef69766636068ca326	Geuvadis	sequence	mRNA	NA12546	CEU	http://ftp.1000genomes.ebi.ac.uk/vol1/ftp/data_collections/geuvadis/README_geuvadis_datareuse_statement.md
ftp://ftp.sra.ebi.ac.uk/vol1/fastq/ERR204/ERR204883/ERR204883_2.fastq.gz	7ef1a7fb16a72d06a9fe6cadc0728aad	Geuvadis	sequence	mRNA	NA12286	CEU	http://ftp.1000genomes.ebi.ac.uk/vol1/ftp/data_collections/geuvadis/README_geuvadis_datareuse_statement.md
ftp://ftp.sra.ebi.ac.uk/vol1/fastq/ERR204/ERR204946/ERR204946_1.fastq.gz	b6fb83e933282c722f7ef312f471d06f	Geuvadis	sequence	mRNA	NA12287	CEU	http://ftp.1000genomes.ebi.ac.uk/vol1/ftp/data_collections/geuvadis/README_geuvadis_datareuse_statement.md
ftp://ftp.sra.ebi.ac.uk/vol1/fastq/ERR204/ERR204929/ERR204929_2.fastq.gz	096b1c478a9773376acb795b1974e5c8	Geuvadis	sequence	mRNA	NA06986	CEU	http://ftp.1000genomes.ebi.ac.uk/vol1/ftp/data_collections/geuvadis/README_geuvadis_datareuse_statement.md
ftp://ftp.sra.ebi.ac.uk/vol1/fastq/ERR204/ERR204895/ERR204895_2.fastq.gz	15f348b0fc3838e6357d36ced8d624f7	Geuvadis	sequence	mRNA	NA12272	CEU	http://ftp.1000genomes.ebi.ac.uk/vol1/ftp/data_collections/geuvadis/README_geuvadis_datareuse_statement.md
ftp://ftp.sra.ebi.ac.uk/vol1/fastq/ERR204/ERR204895/ERR204895_1.fastq.gz	25865720ae4ffdc908bc5f1362b7e36e	Geuvadis	sequence	mRNA	NA12272	CEU	http://ftp.1000genomes.ebi.ac.uk/vol1/ftp/data_collections/geuvadis/README_geuvadis_datareuse_statement.md
ftp://ftp.sra.ebi.ac.uk/vol1/fastq/ERR204/ERR204928/ERR204928_2.fastq.gz	6e5589194509f59f44a3cac95ce02cc2	Geuvadis	sequence	mRNA	NA06994	CEU	http://ftp.1000genomes.ebi.ac.uk/vol1/ftp/data_collections/geuvadis/README_geuvadis_datareuse_statement.md
ftp://ftp.sra.ebi.ac.uk/vol1/fastq/ERR204/ERR204883/ERR204883_1.fastq.gz	1f7d54c6c4462b972a7671e489d87fd9	Geuvadis	sequence	mRNA	NA12286	CEU	http://ftp.1000genomes.ebi.ac.uk/vol1/ftp/data_collections/geuvadis/README_geuvadis_datareuse_statement.md
ftp://ftp.sra.ebi.ac.uk/vol1/fastq/ERR204/ERR204944/ERR204944_2.fastq.gz	3a0549a538057f76ac7b56806ee85969	Geuvadis	sequence	mRNA	NA12340	CEU	http://ftp.1000genomes.ebi.ac.uk/vol1/ftp/data_collections/geuvadis/README_geuvadis_datareuse_statement.md
ftp://ftp.sra.ebi.ac.uk/vol1/fastq/ERR204/ERR204928/ERR204928_1.fastq.gz	4f5c06e0a24caf02e482ccda1a62fa5f	Geuvadis	sequence	mRNA	NA06994	CEU	http://ftp.1000genomes.ebi.ac.uk/vol1/ftp/data_collections/geuvadis/README_geuvadis_datareuse_statement.md
ftp://ftp.sra.ebi.ac.uk/vol1/fastq/ERR204/ERR204915/ERR204915_2.fastq.gz	576c18510448e70865dd188fb4e09baa	Geuvadis	sequence	mRNA	NA12413	CEU	http://ftp.1000genomes.ebi.ac.uk/vol1/ftp/data_collections/geuvadis/README_geuvadis_datareuse_statement.md
ftp://ftp.sra.ebi.ac.uk/vol1/fastq/ERR204/ERR204944/ERR204944_1.fastq.gz	594da74474ba1fd4ad7c2d844258d06e	Geuvadis	sequence	mRNA	NA12340	CEU	http://ftp.1000genomes.ebi.ac.uk/vol1/ftp/data_collections/geuvadis/README_geuvadis_datareuse_statement.md
ftp://ftp.sra.ebi.ac.uk/vol1/fastq/ERR204/ERR204910/ERR204910_1.fastq.gz	3dcea38e73d0cd7941d06f9bf5d48302	Geuvadis	sequence	mRNA	NA12829	CEU	http://ftp.1000genomes.ebi.ac.uk/vol1/ftp/data_collections/geuvadis/README_geuvadis_datareuse_statement.md
ftp://ftp.sra.ebi.ac.uk/vol1/fastq/ERR204/ERR204886/ERR204886_1.fastq.gz	9a896b6c666b7f463ddc00f9e13d04dc	Geuvadis	sequence	mRNA	NA07357	CEU	http://ftp.1000genomes.ebi.ac.uk/vol1/ftp/data_collections/geuvadis/README_geuvadis_datareuse_statement.md
ftp://ftp.sra.ebi.ac.uk/vol1/fastq/ERR205/ERR205001/ERR205001_2.fastq.gz	2aff4ebd1ff84ff107a28c88b8b6ebb1	Geuvadis	sequence	mRNA	NA11992	CEU	http://ftp.1000genomes.ebi.ac.uk/vol1/ftp/data_collections/geuvadis/README_geuvadis_datareuse_statement.md
ftp://ftp.sra.ebi.ac.uk/vol1/fastq/ERR204/ERR204915/ERR204915_1.fastq.gz	ff16f02c242534b2f059f28956d8208e	Geuvadis	sequence	mRNA	NA12413	CEU	http://ftp.1000genomes.ebi.ac.uk/vol1/ftp/data_collections/geuvadis/README_geuvadis_datareuse_statement.md
ftp://ftp.sra.ebi.ac.uk/vol1/fastq/ERR204/ERR204836/ERR204836_2.fastq.gz	a4a83a58adeab52ed2f51e514bce1920	Geuvadis	sequence	mRNA	NA12763	CEU	http://ftp.1000genomes.ebi.ac.uk/vol1/ftp/data_collections/geuvadis/README_geuvadis_datareuse_statement.md
ftp://ftp.sra.ebi.ac.uk/vol1/fastq/ERR205/ERR205001/ERR205001_1.fastq.gz	159ad41dc8ce1f31ad410ba7ed9fb66e	Geuvadis	sequence	mRNA	NA11992	CEU	http://ftp.1000genomes.ebi.ac.uk/vol1/ftp/data_collections/geuvadis/README_geuvadis_datareuse_statement.md
ftp://ftp.sra.ebi.ac.uk/vol1/fastq/ERR204/ERR204856/ERR204856_1.fastq.gz	de1fb3872cf78492f46c99873758054b	Geuvadis	sequence	mRNA	NA12275	CEU	http://ftp.1000genomes.ebi.ac.uk/vol1/ftp/data_collections/geuvadis/README_geuvadis_datareuse_statement.md
ftp://ftp.sra.ebi.ac.uk/vol1/fastq/ERR204/ERR204910/ERR204910_2.fastq.gz	dfbf7e150a53681dca5846282d318ca7	Geuvadis	sequence	mRNA	NA12829	CEU	http://ftp.1000genomes.ebi.ac.uk/vol1/ftp/data_collections/geuvadis/README_geuvadis_datareuse_statement.md
ftp://ftp.sra.ebi.ac.uk/vol1/fastq/ERR204/ERR204886/ERR204886_2.fastq.gz	a9567017ffb1a02603806b5517d2bcd0	Geuvadis	sequence	mRNA	NA07357	CEU	http://ftp.1000genomes.ebi.ac.uk/vol1/ftp/data_collections/geuvadis/README_geuvadis_datareuse_statement.md
ftp://ftp.sra.ebi.ac.uk/vol1/fastq/ERR204/ERR204974/ERR204974_1.fastq.gz	e9294a59d7c7582059e51ccc188948a2	Geuvadis	sequence	mRNA	NA12234	CEU	http://ftp.1000genomes.ebi.ac.uk/vol1/ftp/data_collections/geuvadis/README_geuvadis_datareuse_statement.md
ftp://ftp.sra.ebi.ac.uk/vol1/fastq/ERR204/ERR204836/ERR204836_1.fastq.gz	1575b39fc8b55722e2f228f68445b28d	Geuvadis	sequence	mRNA	NA12763	CEU	http://ftp.1000genomes.ebi.ac.uk/vol1/ftp/data_collections/geuvadis/README_geuvadis_datareuse_statement.md
ftp://ftp.sra.ebi.ac.uk/vol1/fastq/ERR204/ERR204939/ERR204939_2.fastq.gz	ab7ccee33b766093e8cf23ad634aab65	Geuvadis	sequence	mRNA	NA12155	CEU	http://ftp.1000genomes.ebi.ac.uk/vol1/ftp/data_collections/geuvadis/README_geuvadis_datareuse_statement.md
ftp://ftp.sra.ebi.ac.uk/vol1/fastq/ERR204/ERR204856/ERR204856_2.fastq.gz	52723eacd1fe8f60bb7d7ffd9285820c	Geuvadis	sequence	mRNA	NA12275	CEU	http://ftp.1000genomes.ebi.ac.uk/vol1/ftp/data_collections/geuvadis/README_geuvadis_datareuse_statement.md
ftp://ftp.sra.ebi.ac.uk/vol1/fastq/ERR204/ERR204939/ERR204939_1.fastq.gz	fab339c70b8088e28f6ed1908db7141f	Geuvadis	sequence	mRNA	NA12155	CEU	http://ftp.1000genomes.ebi.ac.uk/vol1/ftp/data_collections/geuvadis/README_geuvadis_datareuse_statement.md
ftp://ftp.sra.ebi.ac.uk/vol1/fastq/ERR204/ERR204962/ERR204962_2.fastq.gz	3293c7bd71a1c3ec3fa2eba2d585f80b	Geuvadis	sequence	mRNA	NA12813	CEU	http://ftp.1000genomes.ebi.ac.uk/vol1/ftp/data_collections/geuvadis/README_geuvadis_datareuse_statement.md
ftp://ftp.sra.ebi.ac.uk/vol1/fastq/ERR204/ERR204974/ERR204974_2.fastq.gz	9956996b6c57aefc3dddf1bd893f7c4f	Geuvadis	sequence	mRNA	NA12234	CEU	http://ftp.1000genomes.ebi.ac.uk/vol1/ftp/data_collections/geuvadis/README_geuvadis_datareuse_statement.md
ftp://ftp.sra.ebi.ac.uk/vol1/fastq/ERR204/ERR204962/ERR204962_1.fastq.gz	6d7646af16fd62e1b691a8ee2277ba14	Geuvadis	sequence	mRNA	NA12813	CEU	http://ftp.1000genomes.ebi.ac.uk/vol1/ftp/data_collections/geuvadis/README_geuvadis_datareuse_statement.md
ftp://ftp.sra.ebi.ac.uk/vol1/fastq/ERR204/ERR204927/ERR204927_1.fastq.gz	3b0f82bfa6ed0bffa809d977497fd049	Geuvadis	sequence	mRNA	NA12814	CEU	http://ftp.1000genomes.ebi.ac.uk/vol1/ftp/data_collections/geuvadis/README_geuvadis_datareuse_statement.md
ftp://ftp.sra.ebi.ac.uk/vol1/fastq/ERR204/ERR204926/ERR204926_2.fastq.gz	a383778693f21e883ef07ebfa68600f5	Geuvadis	sequence	mRNA	NA10851	CEU	http://ftp.1000genomes.ebi.ac.uk/vol1/ftp/data_collections/geuvadis/README_geuvadis_datareuse_statement.md
ftp://ftp.sra.ebi.ac.uk/vol1/fastq/ERR204/ERR204967/ERR204967_2.fastq.gz	328687c97a1d3413baf1a15bcfad62de	Geuvadis	sequence	mRNA	NA11893	CEU	http://ftp.1000genomes.ebi.ac.uk/vol1/ftp/data_collections/geuvadis/README_geuvadis_datareuse_statement.md
ftp://ftp.sra.ebi.ac.uk/vol1/fastq/ERR204/ERR204855/ERR204855_1.fastq.gz	e56f0926f553a7a060a25e7f67f49fd8	Geuvadis	sequence	mRNA	NA06986	CEU	http://ftp.1000genomes.ebi.ac.uk/vol1/ftp/data_collections/geuvadis/README_geuvadis_datareuse_statement.md
ftp://ftp.sra.ebi.ac.uk/vol1/fastq/ERR204/ERR204926/ERR204926_1.fastq.gz	0de924d51dcab96ef889d4489e19495a	Geuvadis	sequence	mRNA	NA10851	CEU	http://ftp.1000genomes.ebi.ac.uk/vol1/ftp/data_collections/geuvadis/README_geuvadis_datareuse_statement.md
ftp://ftp.sra.ebi.ac.uk/vol1/fastq/ERR204/ERR204900/ERR204900_2.fastq.gz	aae44bd3bff4936f8b4cf54a3e86a155	Geuvadis	sequence	mRNA	NA11829	CEU	http://ftp.1000genomes.ebi.ac.uk/vol1/ftp/data_collections/geuvadis/README_geuvadis_datareuse_statement.md
ftp://ftp.sra.ebi.ac.uk/vol1/fastq/ERR204/ERR204927/ERR204927_2.fastq.gz	53cc508c235e55b68a497dad584a05ba	Geuvadis	sequence	mRNA	NA12814	CEU	http://ftp.1000genomes.ebi.ac.uk/vol1/ftp/data_collections/geuvadis/README_geuvadis_datareuse_statement.md
ftp://ftp.sra.ebi.ac.uk/vol1/fastq/ERR204/ERR204992/ERR204992_1.fastq.gz	b4ad46bb94f8f66cd193645325598685	Geuvadis	sequence	mRNA	NA11830	CEU	http://ftp.1000genomes.ebi.ac.uk/vol1/ftp/data_collections/geuvadis/README_geuvadis_datareuse_statement.md
ftp://ftp.sra.ebi.ac.uk/vol1/fastq/ERR204/ERR204855/ERR204855_2.fastq.gz	347d0a4ba3f7c634533536374d233314	Geuvadis	sequence	mRNA	NA06986	CEU	http://ftp.1000genomes.ebi.ac.uk/vol1/ftp/data_collections/geuvadis/README_geuvadis_datareuse_statement.md
ftp://ftp.sra.ebi.ac.uk/vol1/fastq/ERR204/ERR204921/ERR204921_1.fastq.gz	a8d9a065cb6ba69968d9ab2c0a75605a	Geuvadis	sequence	mRNA	NA11894	CEU	http://ftp.1000genomes.ebi.ac.uk/vol1/ftp/data_collections/geuvadis/README_geuvadis_datareuse_statement.md
ftp://ftp.sra.ebi.ac.uk/vol1/fastq/ERR204/ERR204900/ERR204900_1.fastq.gz	0d43db1cf4f40ee7b868ea661b69f7b1	Geuvadis	sequence	mRNA	NA11829	CEU	http://ftp.1000genomes.ebi.ac.uk/vol1/ftp/data_collections/geuvadis/README_geuvadis_datareuse_statement.md
ftp://ftp.sra.ebi.ac.uk/vol1/fastq/ERR204/ERR204822/ERR204822_2.fastq.gz	173e0a45b69d7fcd838e0ba356fd5906	Geuvadis	sequence	mRNA	NA12889	CEU	http://ftp.1000genomes.ebi.ac.uk/vol1/ftp/data_collections/geuvadis/README_geuvadis_datareuse_statement.md
ftp://ftp.sra.ebi.ac.uk/vol1/fastq/ERR204/ERR204822/ERR204822_1.fastq.gz	96e6a2f1936e5af16da37bfa340cd161	Geuvadis	sequence	mRNA	NA12889	CEU	http://ftp.1000genomes.ebi.ac.uk/vol1/ftp/data_collections/geuvadis/README_geuvadis_datareuse_statement.md
ftp://ftp.sra.ebi.ac.uk/vol1/fastq/ERR204/ERR204967/ERR204967_1.fastq.gz	ad514c9e497150864d63d9bfd3d131e4	Geuvadis	sequence	mRNA	NA11893	CEU	http://ftp.1000genomes.ebi.ac.uk/vol1/ftp/data_collections/geuvadis/README_geuvadis_datareuse_statement.md
ftp://ftp.sra.ebi.ac.uk/vol1/fastq/ERR204/ERR204863/ERR204863_2.fastq.gz	2c37d7131a4c805ef7a7706470180deb	Geuvadis	sequence	mRNA	NA06986	CEU	http://ftp.1000genomes.ebi.ac.uk/vol1/ftp/data_collections/geuvadis/README_geuvadis_datareuse_statement.md
ftp://ftp.sra.ebi.ac.uk/vol1/fastq/ERR204/ERR204921/ERR204921_2.fastq.gz	d2d99723c3ef8ed44973ee1046374e79	Geuvadis	sequence	mRNA	NA11894	CEU	http://ftp.1000genomes.ebi.ac.uk/vol1/ftp/data_collections/geuvadis/README_geuvadis_datareuse_statement.md
ftp://ftp.sra.ebi.ac.uk/vol1/fastq/ERR204/ERR204992/ERR204992_2.fastq.gz	5c5a49c932e7a6798e1083b7de75333f	Geuvadis	sequence	mRNA	NA11830	CEU	http://ftp.1000genomes.ebi.ac.uk/vol1/ftp/data_collections/geuvadis/README_geuvadis_datareuse_statement.md
ftp://ftp.sra.ebi.ac.uk/vol1/fastq/ERR204/ERR204899/ERR204899_1.fastq.gz	60bb52756ba338f9de9b42ff7c1522a8	Geuvadis	sequence	mRNA	NA12716	CEU	http://ftp.1000genomes.ebi.ac.uk/vol1/ftp/data_collections/geuvadis/README_geuvadis_datareuse_statement.md
ftp://ftp.sra.ebi.ac.uk/vol1/fastq/ERR205/ERR205003/ERR205003_2.fastq.gz	f2d69fa430b0442337bb0e958895d36b	Geuvadis	sequence	mRNA	NA12058	CEU	http://ftp.1000genomes.ebi.ac.uk/vol1/ftp/data_collections/geuvadis/README_geuvadis_datareuse_statement.md
ftp://ftp.sra.ebi.ac.uk/vol1/fastq/ERR204/ERR204860/ERR204860_1.fastq.gz	01bcb8f1857457bbee1da1a5800304ab	Geuvadis	sequence	mRNA	NA06986	CEU	http://ftp.1000genomes.ebi.ac.uk/vol1/ftp/data_collections/geuvadis/README_geuvadis_datareuse_statement.md
ftp://ftp.sra.ebi.ac.uk/vol1/fastq/ERR204/ERR204899/ERR204899_2.fastq.gz	ed0fe46ceeb6a18429cbbdd666d61f64	Geuvadis	sequence	mRNA	NA12716	CEU	http://ftp.1000genomes.ebi.ac.uk/vol1/ftp/data_collections/geuvadis/README_geuvadis_datareuse_statement.md
ftp://ftp.sra.ebi.ac.uk/vol1/fastq/ERR204/ERR204924/ERR204924_2.fastq.gz	bc0db869f436606b2e896c96175be8c7	Geuvadis	sequence	mRNA	NA12045	CEU	http://ftp.1000genomes.ebi.ac.uk/vol1/ftp/data_collections/geuvadis/README_geuvadis_datareuse_statement.md
ftp://ftp.sra.ebi.ac.uk/vol1/fastq/ERR204/ERR204863/ERR204863_1.fastq.gz	c9bdca1c24a5541bcbc1f5e3c7db850e	Geuvadis	sequence	mRNA	NA06986	CEU	http://ftp.1000genomes.ebi.ac.uk/vol1/ftp/data_collections/geuvadis/README_geuvadis_datareuse_statement.md
ftp://ftp.sra.ebi.ac.uk/vol1/fastq/ERR204/ERR204885/ERR204885_1.fastq.gz	d770f981e60324dab69c363c9dd59ff5	Geuvadis	sequence	mRNA	NA11840	CEU	http://ftp.1000genomes.ebi.ac.uk/vol1/ftp/data_collections/geuvadis/README_geuvadis_datareuse_statement.md
ftp://ftp.sra.ebi.ac.uk/vol1/fastq/ERR205/ERR205022/ERR205022_2.fastq.gz	0847eee57a022cd31ce2aaacf64f1e60	Geuvadis	sequence	mRNA	NA12156	CEU	http://ftp.1000genomes.ebi.ac.uk/vol1/ftp/data_collections/geuvadis/README_geuvadis_datareuse_statement.md
ftp://ftp.sra.ebi.ac.uk/vol1/fastq/ERR204/ERR204968/ERR204968_2.fastq.gz	f89097d78b1b2745cb01dd38f04354df	Geuvadis	sequence	mRNA	NA06986	CEU	http://ftp.1000genomes.ebi.ac.uk/vol1/ftp/data_collections/geuvadis/README_geuvadis_datareuse_statement.md
ftp://ftp.sra.ebi.ac.uk/vol1/fastq/ERR205/ERR205003/ERR205003_1.fastq.gz	671054a324c8defc66ae1bbb4273f336	Geuvadis	sequence	mRNA	NA12058	CEU	http://ftp.1000genomes.ebi.ac.uk/vol1/ftp/data_collections/geuvadis/README_geuvadis_datareuse_statement.md
ftp://ftp.sra.ebi.ac.uk/vol1/fastq/ERR204/ERR204860/ERR204860_2.fastq.gz	d8b8463b38a872c167754ad218af7229	Geuvadis	sequence	mRNA	NA06986	CEU	http://ftp.1000genomes.ebi.ac.uk/vol1/ftp/data_collections/geuvadis/README_geuvadis_datareuse_statement.md
ftp://ftp.sra.ebi.ac.uk/vol1/fastq/ERR204/ERR204853/ERR204853_1.fastq.gz	578a2b578740ed8e2ba365568f5eaab8	Geuvadis	sequence	mRNA	NA07347	CEU	http://ftp.1000genomes.ebi.ac.uk/vol1/ftp/data_collections/geuvadis/README_geuvadis_datareuse_statement.md
ftp://ftp.sra.ebi.ac.uk/vol1/fastq/ERR204/ERR204853/ERR204853_2.fastq.gz	60c8bf4cc8747a8eea17c97a21d387ab	Geuvadis	sequence	mRNA	NA07347	CEU	http://ftp.1000genomes.ebi.ac.uk/vol1/ftp/data_collections/geuvadis/README_geuvadis_datareuse_statement.md
ftp://ftp.sra.ebi.ac.uk/vol1/fastq/ERR204/ERR204964/ERR204964_2.fastq.gz	a94c1d24a4149df4d373a70c201bb9dd	Geuvadis	sequence	mRNA	NA12348	CEU	http://ftp.1000genomes.ebi.ac.uk/vol1/ftp/data_collections/geuvadis/README_geuvadis_datareuse_statement.md
ftp://ftp.sra.ebi.ac.uk/vol1/fastq/ERR204/ERR204924/ERR204924_1.fastq.gz	dfe813b74f07e6a7529ea7c83726ebed	Geuvadis	sequence	mRNA	NA12045	CEU	http://ftp.1000genomes.ebi.ac.uk/vol1/ftp/data_collections/geuvadis/README_geuvadis_datareuse_statement.md
ftp://ftp.sra.ebi.ac.uk/vol1/fastq/ERR204/ERR204898/ERR204898_1.fastq.gz	321e78c07e92ae7c0d717cf38a562ea1	Geuvadis	sequence	mRNA	NA12776	CEU	http://ftp.1000genomes.ebi.ac.uk/vol1/ftp/data_collections/geuvadis/README_geuvadis_datareuse_statement.md
ftp://ftp.sra.ebi.ac.uk/vol1/fastq/ERR204/ERR204885/ERR204885_2.fastq.gz	54760c9589e1cd05c630163c0d26ac2b	Geuvadis	sequence	mRNA	NA11840	CEU	http://ftp.1000genomes.ebi.ac.uk/vol1/ftp/data_collections/geuvadis/README_geuvadis_datareuse_statement.md
ftp://ftp.sra.ebi.ac.uk/vol1/fastq/ERR205/ERR205022/ERR205022_1.fastq.gz	caf2f956b7d0ab9a9778f2cb13c73aa1	Geuvadis	sequence	mRNA	NA12156	CEU	http://ftp.1000genomes.ebi.ac.uk/vol1/ftp/data_collections/geuvadis/README_geuvadis_datareuse_statement.md
ftp://ftp.sra.ebi.ac.uk/vol1/fastq/ERR204/ERR204968/ERR204968_1.fastq.gz	ed12f65491f239e9a28d84f99d1f34e5	Geuvadis	sequence	mRNA	NA06986	CEU	http://ftp.1000genomes.ebi.ac.uk/vol1/ftp/data_collections/geuvadis/README_geuvadis_datareuse_statement.md
ftp://ftp.sra.ebi.ac.uk/vol1/fastq/ERR204/ERR204943/ERR204943_2.fastq.gz	9a2da452e40b010f57b0d9978a8f47c9	Geuvadis	sequence	mRNA	NA12750	CEU	http://ftp.1000genomes.ebi.ac.uk/vol1/ftp/data_collections/geuvadis/README_geuvadis_datareuse_statement.md
ftp://ftp.sra.ebi.ac.uk/vol1/fastq/ERR204/ERR204983/ERR204983_1.fastq.gz	83ffef276d7e426ff4acd4c5d6642747	Geuvadis	sequence	mRNA	NA12762	CEU	http://ftp.1000genomes.ebi.ac.uk/vol1/ftp/data_collections/geuvadis/README_geuvadis_datareuse_statement.md
ftp://ftp.sra.ebi.ac.uk/vol1/fastq/ERR204/ERR204898/ERR204898_2.fastq.gz	8a19fadf2f8060e10539fa5d93162425	Geuvadis	sequence	mRNA	NA12776	CEU	http://ftp.1000genomes.ebi.ac.uk/vol1/ftp/data_collections/geuvadis/README_geuvadis_datareuse_statement.md
ftp://ftp.sra.ebi.ac.uk/vol1/fastq/ERR204/ERR204897/ERR204897_2.fastq.gz	95ac443b5f14865666fd9f4401594dac	Geuvadis	sequence	mRNA	NA12399	CEU	http://ftp.1000genomes.ebi.ac.uk/vol1/ftp/data_collections/geuvadis/README_geuvadis_datareuse_statement.md
ftp://ftp.sra.ebi.ac.uk/vol1/fastq/ERR204/ERR204964/ERR204964_1.fastq.gz	4850de4726ce3386f3c8a2707dd81d7c	Geuvadis	sequence	mRNA	NA12348	CEU	http://ftp.1000genomes.ebi.ac.uk/vol1/ftp/data_collections/geuvadis/README_geuvadis_datareuse_statement.md
ftp://ftp.sra.ebi.ac.uk/vol1/fastq/ERR204/ERR204983/ERR204983_2.fastq.gz	4dc122910ed22abd84764cea2a80cde4	Geuvadis	sequence	mRNA	NA12762	CEU	http://ftp.1000genomes.ebi.ac.uk/vol1/ftp/data_collections/geuvadis/README_geuvadis_datareuse_statement.md
ftp://ftp.sra.ebi.ac.uk/vol1/fastq/ERR204/ERR204897/ERR204897_1.fastq.gz	0434eea1ead6d0963e83676cf551816c	Geuvadis	sequence	mRNA	NA12399	CEU	http://ftp.1000genomes.ebi.ac.uk/vol1/ftp/data_collections/geuvadis/README_geuvadis_datareuse_statement.md
ftp://ftp.sra.ebi.ac.uk/vol1/fastq/ERR204/ERR204876/ERR204876_1.fastq.gz	cc3efcd620a354b3275284576ec54d83	Geuvadis	sequence	mRNA	NA11995	CEU	http://ftp.1000genomes.ebi.ac.uk/vol1/ftp/data_collections/geuvadis/README_geuvadis_datareuse_statement.md
ftp://ftp.sra.ebi.ac.uk/vol1/fastq/ERR204/ERR204876/ERR204876_2.fastq.gz	e58e557129f6b7acf896ba86cb3ff813	Geuvadis	sequence	mRNA	NA11995	CEU	http://ftp.1000genomes.ebi.ac.uk/vol1/ftp/data_collections/geuvadis/README_geuvadis_datareuse_statement.md
ftp://ftp.sra.ebi.ac.uk/vol1/fastq/ERR204/ERR204943/ERR204943_1.fastq.gz	b8dd25bdcf05742f1fb53656038a971a	Geuvadis	sequence	mRNA	NA12750	CEU	http://ftp.1000genomes.ebi.ac.uk/vol1/ftp/data_collections/geuvadis/README_geuvadis_datareuse_statement.md
ftp://ftp.sra.ebi.ac.uk/vol1/fastq/ERR204/ERR204907/ERR204907_1.fastq.gz	347879063e7f118e0a933515d815ccd3	Geuvadis	sequence	mRNA	NA12283	CEU	http://ftp.1000genomes.ebi.ac.uk/vol1/ftp/data_collections/geuvadis/README_geuvadis_datareuse_statement.md
ftp://ftp.sra.ebi.ac.uk/vol1/fastq/ERR204/ERR204907/ERR204907_2.fastq.gz	c62ee355cfa40380d7304c22205ef351	Geuvadis	sequence	mRNA	NA12283	CEU	http://ftp.1000genomes.ebi.ac.uk/vol1/ftp/data_collections/geuvadis/README_geuvadis_datareuse_statement.md
ftp://ftp.sra.ebi.ac.uk/vol1/fastq/ERR204/ERR204979/ERR204979_2.fastq.gz	2d2a433fb98ff5798c298b6b12390f0b	Geuvadis	sequence	mRNA	NA12282	CEU	http://ftp.1000genomes.ebi.ac.uk/vol1/ftp/data_collections/geuvadis/README_geuvadis_datareuse_statement.md
ftp://ftp.sra.ebi.ac.uk/vol1/fastq/ERR204/ERR204976/ERR204976_1.fastq.gz	86fdec3dd57887787a18553e89561732	Geuvadis	sequence	mRNA	NA12874	CEU	http://ftp.1000genomes.ebi.ac.uk/vol1/ftp/data_collections/geuvadis/README_geuvadis_datareuse_statement.md
ftp://ftp.sra.ebi.ac.uk/vol1/fastq/ERR204/ERR204893/ERR204893_2.fastq.gz	c792488c81584c4075ee24edea3206fc	Geuvadis	sequence	mRNA	NA12843	CEU	http://ftp.1000genomes.ebi.ac.uk/vol1/ftp/data_collections/geuvadis/README_geuvadis_datareuse_statement.md
ftp://ftp.sra.ebi.ac.uk/vol1/fastq/ERR204/ERR204893/ERR204893_1.fastq.gz	a501c1b6ffff04e288387d9a1d0230cf	Geuvadis	sequence	mRNA	NA12843	CEU	http://ftp.1000genomes.ebi.ac.uk/vol1/ftp/data_collections/geuvadis/README_geuvadis_datareuse_statement.md
ftp://ftp.sra.ebi.ac.uk/vol1/fastq/ERR204/ERR204979/ERR204979_1.fastq.gz	51045533ecc45df34b0c298864e8dae6	Geuvadis	sequence	mRNA	NA12282	CEU	http://ftp.1000genomes.ebi.ac.uk/vol1/ftp/data_collections/geuvadis/README_geuvadis_datareuse_statement.md
ftp://ftp.sra.ebi.ac.uk/vol1/fastq/ERR205/ERR205014/ERR205014_1.fastq.gz	a889c376370d7fe362775c2e07057260	Geuvadis	sequence	mRNA	NA07346	CEU	http://ftp.1000genomes.ebi.ac.uk/vol1/ftp/data_collections/geuvadis/README_geuvadis_datareuse_statement.md
ftp://ftp.sra.ebi.ac.uk/vol1/fastq/ERR204/ERR204955/ERR204955_1.fastq.gz	5140a3a7e1e5d13e3329dca3a4ab1485	Geuvadis	sequence	mRNA	NA06986	CEU	http://ftp.1000genomes.ebi.ac.uk/vol1/ftp/data_collections/geuvadis/README_geuvadis_datareuse_statement.md
ftp://ftp.sra.ebi.ac.uk/vol1/fastq/ERR204/ERR204945/ERR204945_2.fastq.gz	e24922d1784a72ca3d0473aa93573793	Geuvadis	sequence	mRNA	NA12154	CEU	http://ftp.1000genomes.ebi.ac.uk/vol1/ftp/data_collections/geuvadis/README_geuvadis_datareuse_statement.md
ftp://ftp.sra.ebi.ac.uk/vol1/fastq/ERR204/ERR204976/ERR204976_2.fastq.gz	775590a538347f2d1a9b555d757eacd6	Geuvadis	sequence	mRNA	NA12874	CEU	http://ftp.1000genomes.ebi.ac.uk/vol1/ftp/data_collections/geuvadis/README_geuvadis_datareuse_statement.md
ftp://ftp.sra.ebi.ac.uk/vol1/fastq/ERR204/ERR204999/ERR204999_2.fastq.gz	29def3c01256beb0fc4bca56deacb6dc	Geuvadis	sequence	mRNA	NA10847	CEU	http://ftp.1000genomes.ebi.ac.uk/vol1/ftp/data_collections/geuvadis/README_geuvadis_datareuse_statement.md
ftp://ftp.sra.ebi.ac.uk/vol1/fastq/ERR204/ERR204881/ERR204881_1.fastq.gz	fdb9fecded700c58e194a496c9cde8f4	Geuvadis	sequence	mRNA	NA07000	CEU	http://ftp.1000genomes.ebi.ac.uk/vol1/ftp/data_collections/geuvadis/README_geuvadis_datareuse_statement.md
ftp://ftp.sra.ebi.ac.uk/vol1/fastq/ERR204/ERR204881/ERR204881_2.fastq.gz	77235c6b1c25df03f884e657e858cf42	Geuvadis	sequence	mRNA	NA07000	CEU	http://ftp.1000genomes.ebi.ac.uk/vol1/ftp/data_collections/geuvadis/README_geuvadis_datareuse_statement.md
ftp://ftp.sra.ebi.ac.uk/vol1/fastq/ERR204/ERR204955/ERR204955_2.fastq.gz	5d48cdf935d841d9701f37020e5e3dd5	Geuvadis	sequence	mRNA	NA06986	CEU	http://ftp.1000genomes.ebi.ac.uk/vol1/ftp/data_collections/geuvadis/README_geuvadis_datareuse_statement.md
ftp://ftp.sra.ebi.ac.uk/vol1/fastq/ERR205/ERR205014/ERR205014_2.fastq.gz	0d03679bdadef65e0f70477a12a5bbd4	Geuvadis	sequence	mRNA	NA07346	CEU	http://ftp.1000genomes.ebi.ac.uk/vol1/ftp/data_collections/geuvadis/README_geuvadis_datareuse_statement.md
ftp://ftp.sra.ebi.ac.uk/vol1/fastq/ERR205/ERR205010/ERR205010_2.fastq.gz	12ccdbe1925750992007b53cb8b4fc4d	Geuvadis	sequence	mRNA	NA12842	CEU	http://ftp.1000genomes.ebi.ac.uk/vol1/ftp/data_collections/geuvadis/README_geuvadis_datareuse_statement.md
ftp://ftp.sra.ebi.ac.uk/vol1/fastq/ERR204/ERR204902/ERR204902_2.fastq.gz	85be4acc9bedf0e5d4b0a4c5c449416c	Geuvadis	sequence	mRNA	NA12043	CEU	http://ftp.1000genomes.ebi.ac.uk/vol1/ftp/data_collections/geuvadis/README_geuvadis_datareuse_statement.md
ftp://ftp.sra.ebi.ac.uk/vol1/fastq/ERR205/ERR205011/ERR205011_1.fastq.gz	f899d99a8de0c6f55a24e5f8c3230131	Geuvadis	sequence	mRNA	NA12777	CEU	http://ftp.1000genomes.ebi.ac.uk/vol1/ftp/data_collections/geuvadis/README_geuvadis_datareuse_statement.md
ftp://ftp.sra.ebi.ac.uk/vol1/fastq/ERR204/ERR204945/ERR204945_1.fastq.gz	76e8d9d4fe6df2481258f25378455dbe	Geuvadis	sequence	mRNA	NA12154	CEU	http://ftp.1000genomes.ebi.ac.uk/vol1/ftp/data_collections/geuvadis/README_geuvadis_datareuse_statement.md
ftp://ftp.sra.ebi.ac.uk/vol1/fastq/ERR204/ERR204999/ERR204999_1.fastq.gz	3ccd53c3f3a91cf1f1eef5dbedce8f89	Geuvadis	sequence	mRNA	NA10847	CEU	http://ftp.1000genomes.ebi.ac.uk/vol1/ftp/data_collections/geuvadis/README_geuvadis_datareuse_statement.md
ftp://ftp.sra.ebi.ac.uk/vol1/fastq/ERR205/ERR205010/ERR205010_1.fastq.gz	58b68f874e76315e37f5e82987ce3241	Geuvadis	sequence	mRNA	NA12842	CEU	http://ftp.1000genomes.ebi.ac.uk/vol1/ftp/data_collections/geuvadis/README_geuvadis_datareuse_statement.md
ftp://ftp.sra.ebi.ac.uk/vol1/fastq/ERR205/ERR205023/ERR205023_2.fastq.gz	4be84010bd0a4e8969e1739336e49dae	Geuvadis	sequence	mRNA	NA11843	CEU	http://ftp.1000genomes.ebi.ac.uk/vol1/ftp/data_collections/geuvadis/README_geuvadis_datareuse_statement.md
ftp://ftp.sra.ebi.ac.uk/vol1/fastq/ERR204/ERR204902/ERR204902_1.fastq.gz	c9dc7d8ca46991d1096ec448c4fdd0a7	Geuvadis	sequence	mRNA	NA12043	CEU	http://ftp.1000genomes.ebi.ac.uk/vol1/ftp/data_collections/geuvadis/README_geuvadis_datareuse_statement.md
ftp://ftp.sra.ebi.ac.uk/vol1/fastq/ERR204/ERR204869/ERR204869_2.fastq.gz	8a2cb048ff9482fbc2224b6dd7c473d7	Geuvadis	sequence	mRNA	NA12144	CEU	http://ftp.1000genomes.ebi.ac.uk/vol1/ftp/data_collections/geuvadis/README_geuvadis_datareuse_statement.md
ftp://ftp.sra.ebi.ac.uk/vol1/fastq/ERR205/ERR205011/ERR205011_2.fastq.gz	178954c740eecdd4cb748a325f8fcae9	Geuvadis	sequence	mRNA	NA12777	CEU	http://ftp.1000genomes.ebi.ac.uk/vol1/ftp/data_collections/geuvadis/README_geuvadis_datareuse_statement.md
ftp://ftp.sra.ebi.ac.uk/vol1/fastq/ERR204/ERR204931/ERR204931_1.fastq.gz	348f67c132519c287b57033b1012d75f	Geuvadis	sequence	mRNA	NA11831	CEU	http://ftp.1000genomes.ebi.ac.uk/vol1/ftp/data_collections/geuvadis/README_geuvadis_datareuse_statement.md
ftp://ftp.sra.ebi.ac.uk/vol1/fastq/ERR204/ERR204833/ERR204833_2.fastq.gz	329f7bf52a35a2a19a0045bb19277810	Geuvadis	sequence	mRNA	NA12873	CEU	http://ftp.1000genomes.ebi.ac.uk/vol1/ftp/data_collections/geuvadis/README_geuvadis_datareuse_statement.md
ftp://ftp.sra.ebi.ac.uk/vol1/fastq/ERR204/ERR204869/ERR204869_1.fastq.gz	eb6f424818ef9f00a234dca9fece3683	Geuvadis	sequence	mRNA	NA12144	CEU	http://ftp.1000genomes.ebi.ac.uk/vol1/ftp/data_collections/geuvadis/README_geuvadis_datareuse_statement.md
ftp://ftp.sra.ebi.ac.uk/vol1/fastq/ERR204/ERR204834/ERR204834_2.fastq.gz	fe1e4e583969452e90c613c2f0486460	Geuvadis	sequence	mRNA	NA11930	CEU	http://ftp.1000genomes.ebi.ac.uk/vol1/ftp/data_collections/geuvadis/README_geuvadis_datareuse_statement.md
ftp://ftp.sra.ebi.ac.uk/vol1/fastq/ERR205/ERR205023/ERR205023_1.fastq.gz	e213bc15608d9f541e9183b182f7a72b	Geuvadis	sequence	mRNA	NA11843	CEU	http://ftp.1000genomes.ebi.ac.uk/vol1/ftp/data_collections/geuvadis/README_geuvadis_datareuse_statement.md
ftp://ftp.sra.ebi.ac.uk/vol1/fastq/ERR204/ERR204932/ERR204932_2.fastq.gz	6aa28755d8f5864b40eaf0838e8f8ce2	Geuvadis	sequence	mRNA	NA12006	CEU	http://ftp.1000genomes.ebi.ac.uk/vol1/ftp/data_collections/geuvadis/README_geuvadis_datareuse_statement.md
ftp://ftp.sra.ebi.ac.uk/vol1/fastq/ERR204/ERR204932/ERR204932_1.fastq.gz	14072834e1610a836d8b76ae4902d92c	Geuvadis	sequence	mRNA	NA12006	CEU	http://ftp.1000genomes.ebi.ac.uk/vol1/ftp/data_collections/geuvadis/README_geuvadis_datareuse_statement.md
ftp://ftp.sra.ebi.ac.uk/vol1/fastq/ERR204/ERR204941/ERR204941_1.fastq.gz	eb9bb0d87731098b7eeca7d63566b84d	Geuvadis	sequence	mRNA	NA12751	CEU	http://ftp.1000genomes.ebi.ac.uk/vol1/ftp/data_collections/geuvadis/README_geuvadis_datareuse_statement.md
ftp://ftp.sra.ebi.ac.uk/vol1/fastq/ERR204/ERR204931/ERR204931_2.fastq.gz	40b0c240bcd141c25a52d0aa38ad2387	Geuvadis	sequence	mRNA	NA11831	CEU	http://ftp.1000genomes.ebi.ac.uk/vol1/ftp/data_collections/geuvadis/README_geuvadis_datareuse_statement.md
ftp://ftp.sra.ebi.ac.uk/vol1/fastq/ERR204/ERR204834/ERR204834_1.fastq.gz	59f361cf884e59e03c04a3cff5976657	Geuvadis	sequence	mRNA	NA11930	CEU	http://ftp.1000genomes.ebi.ac.uk/vol1/ftp/data_collections/geuvadis/README_geuvadis_datareuse_statement.md
ftp://ftp.sra.ebi.ac.uk/vol1/fastq/ERR204/ERR204833/ERR204833_1.fastq.gz	afafb1d6e5d580a0fbd54e298fdb9956	Geuvadis	sequence	mRNA	NA12873	CEU	http://ftp.1000genomes.ebi.ac.uk/vol1/ftp/data_collections/geuvadis/README_geuvadis_datareuse_statement.md
ftp://ftp.sra.ebi.ac.uk/vol1/fastq/ERR204/ERR204867/ERR204867_2.fastq.gz	d7f0061d2032dd555d0b7e1e8bde1c4b	Geuvadis	sequence	mRNA	NA12004	CEU	http://ftp.1000genomes.ebi.ac.uk/vol1/ftp/data_collections/geuvadis/README_geuvadis_datareuse_statement.md
ftp://ftp.sra.ebi.ac.uk/vol1/fastq/ERR204/ERR204867/ERR204867_1.fastq.gz	e20cf4e894a786a94cdceb22e5d78089	Geuvadis	sequence	mRNA	NA12004	CEU	http://ftp.1000genomes.ebi.ac.uk/vol1/ftp/data_collections/geuvadis/README_geuvadis_datareuse_statement.md
ftp://ftp.sra.ebi.ac.uk/vol1/fastq/ERR204/ERR204941/ERR204941_2.fastq.gz	7d3b8fbfb16ee3c27de1c70b221984b0	Geuvadis	sequence	mRNA	NA12751	CEU	http://ftp.1000genomes.ebi.ac.uk/vol1/ftp/data_collections/geuvadis/README_geuvadis_datareuse_statement.md
ftp://ftp.sra.ebi.ac.uk/vol1/fastq/ERR204/ERR204973/ERR204973_1.fastq.gz	3b1afbafe435af20c59f1d4043d656f9	Geuvadis	sequence	mRNA	NA12400	CEU	http://ftp.1000genomes.ebi.ac.uk/vol1/ftp/data_collections/geuvadis/README_geuvadis_datareuse_statement.md
ftp://ftp.sra.ebi.ac.uk/vol1/fastq/ERR204/ERR204819/ERR204819_1.fastq.gz	b53f19072e94d3930be9174cffd91402	Geuvadis	sequence	mRNA	NA12760	CEU	http://ftp.1000genomes.ebi.ac.uk/vol1/ftp/data_collections/geuvadis/README_geuvadis_datareuse_statement.md
ftp://ftp.sra.ebi.ac.uk/vol1/fastq/ERR205/ERR205005/ERR205005_2.fastq.gz	1d1613955162e64c647c6533b1dbbab2	Geuvadis	sequence	mRNA	NA06986	CEU	http://ftp.1000genomes.ebi.ac.uk/vol1/ftp/data_collections/geuvadis/README_geuvadis_datareuse_statement.md
ftp://ftp.sra.ebi.ac.uk/vol1/fastq/ERR204/ERR204986/ERR204986_1.fastq.gz	c2bcb01593f98b60327de2fbf7734a91	Geuvadis	sequence	mRNA	NA12872	CEU	http://ftp.1000genomes.ebi.ac.uk/vol1/ftp/data_collections/geuvadis/README_geuvadis_datareuse_statement.md
ftp://ftp.sra.ebi.ac.uk/vol1/fastq/ERR204/ERR204840/ERR204840_2.fastq.gz	d17a6a010f9c33b6f9c851a3524150b8	Geuvadis	sequence	mRNA	NA12827	CEU	http://ftp.1000genomes.ebi.ac.uk/vol1/ftp/data_collections/geuvadis/README_geuvadis_datareuse_statement.md
ftp://ftp.sra.ebi.ac.uk/vol1/fastq/ERR204/ERR204840/ERR204840_1.fastq.gz	aedb22a5dce58d1846047324b51aeda9	Geuvadis	sequence	mRNA	NA12827	CEU	http://ftp.1000genomes.ebi.ac.uk/vol1/ftp/data_collections/geuvadis/README_geuvadis_datareuse_statement.md
ftp://ftp.sra.ebi.ac.uk/vol1/fastq/ERR204/ERR204986/ERR204986_2.fastq.gz	6566e13016d9ec8f06d1f3c2eb1dd712	Geuvadis	sequence	mRNA	NA12872	CEU	http://ftp.1000genomes.ebi.ac.uk/vol1/ftp/data_collections/geuvadis/README_geuvadis_datareuse_statement.md
ftp://ftp.sra.ebi.ac.uk/vol1/fastq/ERR204/ERR204973/ERR204973_2.fastq.gz	0c6635d37e0a6c4873a185c5ec54b899	Geuvadis	sequence	mRNA	NA12400	CEU	http://ftp.1000genomes.ebi.ac.uk/vol1/ftp/data_collections/geuvadis/README_geuvadis_datareuse_statement.md
ftp://ftp.sra.ebi.ac.uk/vol1/fastq/ERR204/ERR204819/ERR204819_2.fastq.gz	4bdd66bf3f6f5f52c04461639e3c8148	Geuvadis	sequence	mRNA	NA12760	CEU	http://ftp.1000genomes.ebi.ac.uk/vol1/ftp/data_collections/geuvadis/README_geuvadis_datareuse_statement.md
ftp://ftp.sra.ebi.ac.uk/vol1/fastq/ERR205/ERR205005/ERR205005_1.fastq.gz	7f86bd0d8ef53aba97edb1960d620a3d	Geuvadis	sequence	mRNA	NA06986	CEU	http://ftp.1000genomes.ebi.ac.uk/vol1/ftp/data_collections/geuvadis/README_geuvadis_datareuse_statement.md
ftp://ftp.sra.ebi.ac.uk/vol1/fastq/ERR188/ERR188077/ERR188077_1.fastq.gz	9646bebdcd518b1bfac9be075ca8a69c	Geuvadis	sequence	mRNA	NA11893	CEU	http://ftp.1000genomes.ebi.ac.uk/vol1/ftp/data_collections/geuvadis/README_geuvadis_datareuse_statement.md
ftp://ftp.sra.ebi.ac.uk/vol1/fastq/ERR188/ERR188181/ERR188181_1.fastq.gz	bbaf1542253f0dec2d638858b4c4ef07	Geuvadis	sequence	mRNA	NA12413	CEU	http://ftp.1000genomes.ebi.ac.uk/vol1/ftp/data_collections/geuvadis/README_geuvadis_datareuse_statement.md
ftp://ftp.sra.ebi.ac.uk/vol1/fastq/ERR188/ERR188220/ERR188220_1.fastq.gz	841b9234f766fdd2ca076f75bef40bf4	Geuvadis	sequence	mRNA	NA12400	CEU	http://ftp.1000genomes.ebi.ac.uk/vol1/ftp/data_collections/geuvadis/README_geuvadis_datareuse_statement.md
ftp://ftp.sra.ebi.ac.uk/vol1/fastq/ERR188/ERR188217/ERR188217_1.fastq.gz	d8e7a2f6fff63e5980fec7ec1bca7128	Geuvadis	sequence	mRNA	NA11832	CEU	http://ftp.1000genomes.ebi.ac.uk/vol1/ftp/data_collections/geuvadis/README_geuvadis_datareuse_statement.md
ftp://ftp.sra.ebi.ac.uk/vol1/fastq/ERR188/ERR188196/ERR188196_1.fastq.gz	29be163b39bbbc083d4c524a91e4b796	Geuvadis	sequence	mRNA	NA12717	CEU	http://ftp.1000genomes.ebi.ac.uk/vol1/ftp/data_collections/geuvadis/README_geuvadis_datareuse_statement.md
ftp://ftp.sra.ebi.ac.uk/vol1/fastq/ERR188/ERR188077/ERR188077_2.fastq.gz	bf5fcde17a746e218221ec3560d1435d	Geuvadis	sequence	mRNA	NA11893	CEU	http://ftp.1000genomes.ebi.ac.uk/vol1/ftp/data_collections/geuvadis/README_geuvadis_datareuse_statement.md
ftp://ftp.sra.ebi.ac.uk/vol1/fastq/ERR188/ERR188100/ERR188100_1.fastq.gz	7151bac6e7f1e765663683545b7a8e54	Geuvadis	sequence	mRNA	NA12762	CEU	http://ftp.1000genomes.ebi.ac.uk/vol1/ftp/data_collections/geuvadis/README_geuvadis_datareuse_statement.md
ftp://ftp.sra.ebi.ac.uk/vol1/fastq/ERR188/ERR188217/ERR188217_2.fastq.gz	8fab0115597a9ed0a94bf7df256cff6e	Geuvadis	sequence	mRNA	NA11832	CEU	http://ftp.1000genomes.ebi.ac.uk/vol1/ftp/data_collections/geuvadis/README_geuvadis_datareuse_statement.md
ftp://ftp.sra.ebi.ac.uk/vol1/fastq/ERR188/ERR188220/ERR188220_2.fastq.gz	01cf64b2aea7db023a6b241024e6bb1b	Geuvadis	sequence	mRNA	NA12400	CEU	http://ftp.1000genomes.ebi.ac.uk/vol1/ftp/data_collections/geuvadis/README_geuvadis_datareuse_statement.md
ftp://ftp.sra.ebi.ac.uk/vol1/fastq/ERR188/ERR188107/ERR188107_1.fastq.gz	832e7dcab80f80304a9073cbdfee6ed4	Geuvadis	sequence	mRNA	NA12342	CEU	http://ftp.1000genomes.ebi.ac.uk/vol1/ftp/data_collections/geuvadis/README_geuvadis_datareuse_statement.md
ftp://ftp.sra.ebi.ac.uk/vol1/fastq/ERR188/ERR188272/ERR188272_1.fastq.gz	d1aebaad3820fd57f796742a652c1d06	Geuvadis	sequence	mRNA	NA11881	CEU	http://ftp.1000genomes.ebi.ac.uk/vol1/ftp/data_collections/geuvadis/README_geuvadis_datareuse_statement.md
ftp://ftp.sra.ebi.ac.uk/vol1/fastq/ERR188/ERR188181/ERR188181_2.fastq.gz	5b83566f834d55b2c28f0b8f0ab7c214	Geuvadis	sequence	mRNA	NA12413	CEU	http://ftp.1000genomes.ebi.ac.uk/vol1/ftp/data_collections/geuvadis/README_geuvadis_datareuse_statement.md
ftp://ftp.sra.ebi.ac.uk/vol1/fastq/ERR188/ERR188196/ERR188196_2.fastq.gz	8148f7212f801c7955678f63b87ffd44	Geuvadis	sequence	mRNA	NA12717	CEU	http://ftp.1000genomes.ebi.ac.uk/vol1/ftp/data_collections/geuvadis/README_geuvadis_datareuse_statement.md
ftp://ftp.sra.ebi.ac.uk/vol1/fastq/ERR188/ERR188100/ERR188100_2.fastq.gz	bd8cfd514d02ce452135aeac89950c5d	Geuvadis	sequence	mRNA	NA12762	CEU	http://ftp.1000genomes.ebi.ac.uk/vol1/ftp/data_collections/geuvadis/README_geuvadis_datareuse_statement.md
ftp://ftp.sra.ebi.ac.uk/vol1/fastq/ERR188/ERR188272/ERR188272_2.fastq.gz	bf45c8634dc41f57cc548c3ebe10d92a	Geuvadis	sequence	mRNA	NA11881	CEU	http://ftp.1000genomes.ebi.ac.uk/vol1/ftp/data_collections/geuvadis/README_geuvadis_datareuse_statement.md
ftp://ftp.sra.ebi.ac.uk/vol1/fastq/ERR188/ERR188107/ERR188107_2.fastq.gz	f928db2154e4f5d39ad7a33dc4d0738d	Geuvadis	sequence	mRNA	NA12342	CEU	http://ftp.1000genomes.ebi.ac.uk/vol1/ftp/data_collections/geuvadis/README_geuvadis_datareuse_statement.md
ftp://ftp.sra.ebi.ac.uk/vol1/fastq/ERR188/ERR188301/ERR188301_2.fastq.gz	9cf131544389c23543f3ee89e2b53c9f	Geuvadis	sequence	mRNA	NA11994	CEU	http://ftp.1000genomes.ebi.ac.uk/vol1/ftp/data_collections/geuvadis/README_geuvadis_datareuse_statement.md
ftp://ftp.sra.ebi.ac.uk/vol1/fastq/ERR188/ERR188024/ERR188024_1.fastq.gz	aeaa1770aa431030d37e68a7e5292bc2	Geuvadis	sequence	mRNA	NA12749	CEU	http://ftp.1000genomes.ebi.ac.uk/vol1/ftp/data_collections/geuvadis/README_geuvadis_datareuse_statement.md
ftp://ftp.sra.ebi.ac.uk/vol1/fastq/ERR188/ERR188122/ERR188122_2.fastq.gz	7f259c5f2ba8d12072cfa191411117b8	Geuvadis	sequence	mRNA	NA11894	CEU	http://ftp.1000genomes.ebi.ac.uk/vol1/ftp/data_collections/geuvadis/README_geuvadis_datareuse_statement.md
ftp://ftp.sra.ebi.ac.uk/vol1/fastq/ERR188/ERR188301/ERR188301_1.fastq.gz	8e57e5e6eec9b53e4378d4aea65df6d5	Geuvadis	sequence	mRNA	NA11994	CEU	http://ftp.1000genomes.ebi.ac.uk/vol1/ftp/data_collections/geuvadis/README_geuvadis_datareuse_statement.md
ftp://ftp.sra.ebi.ac.uk/vol1/fastq/ERR188/ERR188426/ERR188426_1.fastq.gz	1bf380bc4f83385b21e2ab91c2a255ee	Geuvadis	sequence	mRNA	NA11843	CEU	http://ftp.1000genomes.ebi.ac.uk/vol1/ftp/data_collections/geuvadis/README_geuvadis_datareuse_statement.md
ftp://ftp.sra.ebi.ac.uk/vol1/fastq/ERR188/ERR188049/ERR188049_2.fastq.gz	d18625d4950ec7a2ec0f98821344387d	Geuvadis	sequence	mRNA	NA11931	CEU	http://ftp.1000genomes.ebi.ac.uk/vol1/ftp/data_collections/geuvadis/README_geuvadis_datareuse_statement.md
ftp://ftp.sra.ebi.ac.uk/vol1/fastq/ERR188/ERR188426/ERR188426_2.fastq.gz	6c1883cd688b9fd1e7e0a184ff81a137	Geuvadis	sequence	mRNA	NA11843	CEU	http://ftp.1000genomes.ebi.ac.uk/vol1/ftp/data_collections/geuvadis/README_geuvadis_datareuse_statement.md
ftp://ftp.sra.ebi.ac.uk/vol1/fastq/ERR188/ERR188308/ERR188308_1.fastq.gz	accfd12649ee50c5e121d38380816a85	Geuvadis	sequence	mRNA	NA12760	CEU	http://ftp.1000genomes.ebi.ac.uk/vol1/ftp/data_collections/geuvadis/README_geuvadis_datareuse_statement.md
ftp://ftp.sra.ebi.ac.uk/vol1/fastq/ERR188/ERR188024/ERR188024_2.fastq.gz	0fb2ce6c6f2dc59835be57fa5f941888	Geuvadis	sequence	mRNA	NA12749	CEU	http://ftp.1000genomes.ebi.ac.uk/vol1/ftp/data_collections/geuvadis/README_geuvadis_datareuse_statement.md
ftp://ftp.sra.ebi.ac.uk/vol1/fastq/ERR188/ERR188122/ERR188122_1.fastq.gz	0913c98b1ba28c3b7bbd091677809424	Geuvadis	sequence	mRNA	NA11894	CEU	http://ftp.1000genomes.ebi.ac.uk/vol1/ftp/data_collections/geuvadis/README_geuvadis_datareuse_statement.md
ftp://ftp.sra.ebi.ac.uk/vol1/fastq/ERR188/ERR188350/ERR188350_2.fastq.gz	3b21beaad5c6e43db20fec3afe9deb6a	Geuvadis	sequence	mRNA	NA12399	CEU	http://ftp.1000genomes.ebi.ac.uk/vol1/ftp/data_collections/geuvadis/README_geuvadis_datareuse_statement.md
ftp://ftp.sra.ebi.ac.uk/vol1/fastq/ERR188/ERR188049/ERR188049_1.fastq.gz	7943a064b3eaecc7a95854d51c014cea	Geuvadis	sequence	mRNA	NA11931	CEU	http://ftp.1000genomes.ebi.ac.uk/vol1/ftp/data_collections/geuvadis/README_geuvadis_datareuse_statement.md
ftp://ftp.sra.ebi.ac.uk/vol1/fastq/ERR188/ERR188350/ERR188350_1.fastq.gz	e973a6b799be40e288324f14d6663f16	Geuvadis	sequence	mRNA	NA12399	CEU	http://ftp.1000genomes.ebi.ac.uk/vol1/ftp/data_collections/geuvadis/README_geuvadis_datareuse_statement.md
ftp://ftp.sra.ebi.ac.uk/vol1/fastq/ERR188/ERR188308/ERR188308_2.fastq.gz	9188c7ee17585ffc3cf27c1822f5241c	Geuvadis	sequence	mRNA	NA12760	CEU	http://ftp.1000genomes.ebi.ac.uk/vol1/ftp/data_collections/geuvadis/README_geuvadis_datareuse_statement.md
ftp://ftp.sra.ebi.ac.uk/vol1/fastq/ERR188/ERR188477/ERR188477_1.fastq.gz	51ca71b37a4ccb9fc049cc5fab4d2dfd	Geuvadis	sequence	mRNA	NA12778	CEU	http://ftp.1000genomes.ebi.ac.uk/vol1/ftp/data_collections/geuvadis/README_geuvadis_datareuse_statement.md
ftp://ftp.sra.ebi.ac.uk/vol1/fastq/ERR188/ERR188336/ERR188336_1.fastq.gz	7f15abd8fda8027b3112b0c9543ac0d2	Geuvadis	sequence	mRNA	NA12004	CEU	http://ftp.1000genomes.ebi.ac.uk/vol1/ftp/data_collections/geuvadis/README_geuvadis_datareuse_statement.md
ftp://ftp.sra.ebi.ac.uk/vol1/fastq/ERR188/ERR188477/ERR188477_2.fastq.gz	13cac8631bb4f04ff9d8b3221423fb48	Geuvadis	sequence	mRNA	NA12778	CEU	http://ftp.1000genomes.ebi.ac.uk/vol1/ftp/data_collections/geuvadis/README_geuvadis_datareuse_statement.md
ftp://ftp.sra.ebi.ac.uk/vol1/fastq/ERR188/ERR188336/ERR188336_2.fastq.gz	98724655c46c9d5259fb6cc67912736e	Geuvadis	sequence	mRNA	NA12004	CEU	http://ftp.1000genomes.ebi.ac.uk/vol1/ftp/data_collections/geuvadis/README_geuvadis_datareuse_statement.md
ftp://ftp.sra.ebi.ac.uk/vol1/fastq/ERR188/ERR188262/ERR188262_1.fastq.gz	b164ca8eb82f4c8b761f068539533451	Geuvadis	sequence	mRNA	NA12283	CEU	http://ftp.1000genomes.ebi.ac.uk/vol1/ftp/data_collections/geuvadis/README_geuvadis_datareuse_statement.md
ftp://ftp.sra.ebi.ac.uk/vol1/fastq/ERR188/ERR188481/ERR188481_1.fastq.gz	1030d395fa78f7d59652f10737579b9e	Geuvadis	sequence	mRNA	NA07048	CEU	http://ftp.1000genomes.ebi.ac.uk/vol1/ftp/data_collections/geuvadis/README_geuvadis_datareuse_statement.md
ftp://ftp.sra.ebi.ac.uk/vol1/fastq/ERR188/ERR188414/ERR188414_1.fastq.gz	4a9ae2ea49c5350effc4fadd48328215	Geuvadis	sequence	mRNA	NA12043	CEU	http://ftp.1000genomes.ebi.ac.uk/vol1/ftp/data_collections/geuvadis/README_geuvadis_datareuse_statement.md
ftp://ftp.sra.ebi.ac.uk/vol1/fastq/ERR188/ERR188438/ERR188438_1.fastq.gz	278554070179276eb320d5cbdbf819a8	Geuvadis	sequence	mRNA	NA12272	CEU	http://ftp.1000genomes.ebi.ac.uk/vol1/ftp/data_collections/geuvadis/README_geuvadis_datareuse_statement.md
ftp://ftp.sra.ebi.ac.uk/vol1/fastq/ERR188/ERR188438/ERR188438_2.fastq.gz	1ce7fd34051651519a4d591821a8ebed	Geuvadis	sequence	mRNA	NA12272	CEU	http://ftp.1000genomes.ebi.ac.uk/vol1/ftp/data_collections/geuvadis/README_geuvadis_datareuse_statement.md
ftp://ftp.sra.ebi.ac.uk/vol1/fastq/ERR188/ERR188262/ERR188262_2.fastq.gz	78a6e1ce95384b6fc33ce670d7bcbaf0	Geuvadis	sequence	mRNA	NA12283	CEU	http://ftp.1000genomes.ebi.ac.uk/vol1/ftp/data_collections/geuvadis/README_geuvadis_datareuse_statement.md
ftp://ftp.sra.ebi.ac.uk/vol1/fastq/ERR188/ERR188481/ERR188481_2.fastq.gz	b50eea75898fc1567949e91ea9236e3a	Geuvadis	sequence	mRNA	NA07048	CEU	http://ftp.1000genomes.ebi.ac.uk/vol1/ftp/data_collections/geuvadis/README_geuvadis_datareuse_statement.md
ftp://ftp.sra.ebi.ac.uk/vol1/fastq/ERR188/ERR188404/ERR188404_1.fastq.gz	22a4592a2111604412500369ee590fff	Geuvadis	sequence	mRNA	NA12750	CEU	http://ftp.1000genomes.ebi.ac.uk/vol1/ftp/data_collections/geuvadis/README_geuvadis_datareuse_statement.md
ftp://ftp.sra.ebi.ac.uk/vol1/fastq/ERR188/ERR188081/ERR188081_1.fastq.gz	c2024b319ccea3b9bb056913d9268c2b	Geuvadis	sequence	mRNA	NA12814	CEU	http://ftp.1000genomes.ebi.ac.uk/vol1/ftp/data_collections/geuvadis/README_geuvadis_datareuse_statement.md
ftp://ftp.sra.ebi.ac.uk/vol1/fastq/ERR188/ERR188414/ERR188414_2.fastq.gz	4ecb7dd0d1c0121d3863cf0328ae1135	Geuvadis	sequence	mRNA	NA12043	CEU	http://ftp.1000genomes.ebi.ac.uk/vol1/ftp/data_collections/geuvadis/README_geuvadis_datareuse_statement.md
ftp://ftp.sra.ebi.ac.uk/vol1/fastq/ERR188/ERR188039/ERR188039_2.fastq.gz	5e17018813ef37e9d8cf565005a930a6	Geuvadis	sequence	mRNA	NA12144	CEU	http://ftp.1000genomes.ebi.ac.uk/vol1/ftp/data_collections/geuvadis/README_geuvadis_datareuse_statement.md
ftp://ftp.sra.ebi.ac.uk/vol1/fastq/ERR188/ERR188229/ERR188229_1.fastq.gz	079d68acf0428be7fe06b59417ff9a0a	Geuvadis	sequence	mRNA	NA12044	CEU	http://ftp.1000genomes.ebi.ac.uk/vol1/ftp/data_collections/geuvadis/README_geuvadis_datareuse_statement.md
ftp://ftp.sra.ebi.ac.uk/vol1/fastq/ERR188/ERR188324/ERR188324_1.fastq.gz	1508f35a2fa9a9e3d22fba0b3238107c	Geuvadis	sequence	mRNA	NA07347	CEU	http://ftp.1000genomes.ebi.ac.uk/vol1/ftp/data_collections/geuvadis/README_geuvadis_datareuse_statement.md
ftp://ftp.sra.ebi.ac.uk/vol1/fastq/ERR188/ERR188039/ERR188039_1.fastq.gz	90195a9a439dbce1013550013f08d50f	Geuvadis	sequence	mRNA	NA12144	CEU	http://ftp.1000genomes.ebi.ac.uk/vol1/ftp/data_collections/geuvadis/README_geuvadis_datareuse_statement.md
ftp://ftp.sra.ebi.ac.uk/vol1/fastq/ERR188/ERR188404/ERR188404_2.fastq.gz	70e8e806c9b4adef4296837bd734e305	Geuvadis	sequence	mRNA	NA12750	CEU	http://ftp.1000genomes.ebi.ac.uk/vol1/ftp/data_collections/geuvadis/README_geuvadis_datareuse_statement.md
ftp://ftp.sra.ebi.ac.uk/vol1/fastq/ERR188/ERR188081/ERR188081_2.fastq.gz	529a1515df4bde03bab7ad7a42f1e1dc	Geuvadis	sequence	mRNA	NA12814	CEU	http://ftp.1000genomes.ebi.ac.uk/vol1/ftp/data_collections/geuvadis/README_geuvadis_datareuse_statement.md
ftp://ftp.sra.ebi.ac.uk/vol1/fastq/ERR188/ERR188061/ERR188061_1.fastq.gz	2f48c2eaa43b5457e546d7f9a9b892b0	Geuvadis	sequence	mRNA	NA12761	CEU	http://ftp.1000genomes.ebi.ac.uk/vol1/ftp/data_collections/geuvadis/README_geuvadis_datareuse_statement.md
ftp://ftp.sra.ebi.ac.uk/vol1/fastq/ERR188/ERR188324/ERR188324_2.fastq.gz	c9bc91f3c255b377c36be1ab1c7a139d	Geuvadis	sequence	mRNA	NA07347	CEU	http://ftp.1000genomes.ebi.ac.uk/vol1/ftp/data_collections/geuvadis/README_geuvadis_datareuse_statement.md
ftp://ftp.sra.ebi.ac.uk/vol1/fastq/ERR188/ERR188229/ERR188229_2.fastq.gz	142637bb4e53d0552c1db94dde27a109	Geuvadis	sequence	mRNA	NA12044	CEU	http://ftp.1000genomes.ebi.ac.uk/vol1/ftp/data_collections/geuvadis/README_geuvadis_datareuse_statement.md
ftp://ftp.sra.ebi.ac.uk/vol1/fastq/ERR188/ERR188389/ERR188389_2.fastq.gz	c91446d4654cc1f327d270149bb2a543	Geuvadis	sequence	mRNA	NA10851	CEU	http://ftp.1000genomes.ebi.ac.uk/vol1/ftp/data_collections/geuvadis/README_geuvadis_datareuse_statement.md
ftp://ftp.sra.ebi.ac.uk/vol1/fastq/ERR188/ERR188389/ERR188389_1.fastq.gz	5cb8f7b9dcc829ebdc15ae1e82a921ee	Geuvadis	sequence	mRNA	NA10851	CEU	http://ftp.1000genomes.ebi.ac.uk/vol1/ftp/data_collections/geuvadis/README_geuvadis_datareuse_statement.md
ftp://ftp.sra.ebi.ac.uk/vol1/fastq/ERR188/ERR188061/ERR188061_2.fastq.gz	6facf7fd65abadf9a9682c0ce5fe1642	Geuvadis	sequence	mRNA	NA12761	CEU	http://ftp.1000genomes.ebi.ac.uk/vol1/ftp/data_collections/geuvadis/README_geuvadis_datareuse_statement.md
ftp://ftp.sra.ebi.ac.uk/vol1/fastq/ERR188/ERR188213/ERR188213_1.fastq.gz	9dd27fce46f88b6c95a6c6660f01470d	Geuvadis	sequence	mRNA	NA06986	CEU	http://ftp.1000genomes.ebi.ac.uk/vol1/ftp/data_collections/geuvadis/README_geuvadis_datareuse_statement.md
ftp://ftp.sra.ebi.ac.uk/vol1/fastq/ERR188/ERR188410/ERR188410_1.fastq.gz	2611b9fbc7de5f39d095c571bb6da789	Geuvadis	sequence	mRNA	NA12156	CEU	http://ftp.1000genomes.ebi.ac.uk/vol1/ftp/data_collections/geuvadis/README_geuvadis_datareuse_statement.md
ftp://ftp.sra.ebi.ac.uk/vol1/fastq/ERR188/ERR188213/ERR188213_2.fastq.gz	d64d8c1fa78e4af445ce433fe1436600	Geuvadis	sequence	mRNA	NA06986	CEU	http://ftp.1000genomes.ebi.ac.uk/vol1/ftp/data_collections/geuvadis/README_geuvadis_datareuse_statement.md
ftp://ftp.sra.ebi.ac.uk/vol1/fastq/ERR188/ERR188076/ERR188076_1.fastq.gz	12c3aaa577eb096c4400325f24fddca8	Geuvadis	sequence	mRNA	NA12006	CEU	http://ftp.1000genomes.ebi.ac.uk/vol1/ftp/data_collections/geuvadis/README_geuvadis_datareuse_statement.md
ftp://ftp.sra.ebi.ac.uk/vol1/fastq/ERR188/ERR188076/ERR188076_2.fastq.gz	f0f4992309f230a7bf0ad9e63b1e5f78	Geuvadis	sequence	mRNA	NA12006	CEU	http://ftp.1000genomes.ebi.ac.uk/vol1/ftp/data_collections/geuvadis/README_geuvadis_datareuse_statement.md
ftp://ftp.sra.ebi.ac.uk/vol1/fastq/ERR188/ERR188048/ERR188048_1.fastq.gz	296d0a8ef3c41db07c8dac90b81d92e8	Geuvadis	sequence	mRNA	NA12489	CEU	http://ftp.1000genomes.ebi.ac.uk/vol1/ftp/data_collections/geuvadis/README_geuvadis_datareuse_statement.md
ftp://ftp.sra.ebi.ac.uk/vol1/fastq/ERR188/ERR188410/ERR188410_2.fastq.gz	92cde42d22dab6eed7803e2aad996255	Geuvadis	sequence	mRNA	NA12156	CEU	http://ftp.1000genomes.ebi.ac.uk/vol1/ftp/data_collections/geuvadis/README_geuvadis_datareuse_statement.md
ftp://ftp.sra.ebi.ac.uk/vol1/fastq/ERR188/ERR188148/ERR188148_1.fastq.gz	620b4d0926e726e6eea1b63652fc600b	Geuvadis	sequence	mRNA	NA12282	CEU	http://ftp.1000genomes.ebi.ac.uk/vol1/ftp/data_collections/geuvadis/README_geuvadis_datareuse_statement.md
ftp://ftp.sra.ebi.ac.uk/vol1/fastq/ERR188/ERR188429/ERR188429_1.fastq.gz	7cf22bc2c759af35e738721c10ed8297	Geuvadis	sequence	mRNA	NA12889	CEU	http://ftp.1000genomes.ebi.ac.uk/vol1/ftp/data_collections/geuvadis/README_geuvadis_datareuse_statement.md
ftp://ftp.sra.ebi.ac.uk/vol1/fastq/ERR188/ERR188140/ERR188140_2.fastq.gz	d369863e1905c54f6f9fcc8af2e94fc9	Geuvadis	sequence	mRNA	NA12716	CEU	http://ftp.1000genomes.ebi.ac.uk/vol1/ftp/data_collections/geuvadis/README_geuvadis_datareuse_statement.md
ftp://ftp.sra.ebi.ac.uk/vol1/fastq/ERR188/ERR188048/ERR188048_2.fastq.gz	9f4a80da2f0d5b03b25ab88eb3be8094	Geuvadis	sequence	mRNA	NA12489	CEU	http://ftp.1000genomes.ebi.ac.uk/vol1/ftp/data_collections/geuvadis/README_geuvadis_datareuse_statement.md
ftp://ftp.sra.ebi.ac.uk/vol1/fastq/ERR188/ERR188140/ERR188140_1.fastq.gz	b7b1e35964c3460df9b8781901bd8730	Geuvadis	sequence	mRNA	NA12716	CEU	http://ftp.1000genomes.ebi.ac.uk/vol1/ftp/data_collections/geuvadis/README_geuvadis_datareuse_statement.md
ftp://ftp.sra.ebi.ac.uk/vol1/fastq/ERR188/ERR188148/ERR188148_2.fastq.gz	d33f10288f03f047d0eb843a59637022	Geuvadis	sequence	mRNA	NA12282	CEU	http://ftp.1000genomes.ebi.ac.uk/vol1/ftp/data_collections/geuvadis/README_geuvadis_datareuse_statement.md
ftp://ftp.sra.ebi.ac.uk/vol1/fastq/ERR188/ERR188202/ERR188202_2.fastq.gz	edcf4c7381900df9cd16123119ef5df8	Geuvadis	sequence	mRNA	NA06989	CEU	http://ftp.1000genomes.ebi.ac.uk/vol1/ftp/data_collections/geuvadis/README_geuvadis_datareuse_statement.md
ftp://ftp.sra.ebi.ac.uk/vol1/fastq/ERR188/ERR188429/ERR188429_2.fastq.gz	c74e43baa4f84a1c3b9154fd7cb91580	Geuvadis	sequence	mRNA	NA12889	CEU	http://ftp.1000genomes.ebi.ac.uk/vol1/ftp/data_collections/geuvadis/README_geuvadis_datareuse_statement.md
ftp://ftp.sra.ebi.ac.uk/vol1/fastq/ERR188/ERR188058/ERR188058_1.fastq.gz	5e0341d459655bff014b86c497e1cc1d	Geuvadis	sequence	mRNA	NA12005	CEU	http://ftp.1000genomes.ebi.ac.uk/vol1/ftp/data_collections/geuvadis/README_geuvadis_datareuse_statement.md
ftp://ftp.sra.ebi.ac.uk/vol1/fastq/ERR188/ERR188202/ERR188202_1.fastq.gz	6f90c78e518a6999a42503e4fb8f93f7	Geuvadis	sequence	mRNA	NA06989	CEU	http://ftp.1000genomes.ebi.ac.uk/vol1/ftp/data_collections/geuvadis/README_geuvadis_datareuse_statement.md
ftp://ftp.sra.ebi.ac.uk/vol1/fastq/ERR188/ERR188216/ERR188216_2.fastq.gz	d5ca43f97c2e9c476b25b1a0ee30cf0a	Geuvadis	sequence	mRNA	NA12873	CEU	http://ftp.1000genomes.ebi.ac.uk/vol1/ftp/data_collections/geuvadis/README_geuvadis_datareuse_statement.md
ftp://ftp.sra.ebi.ac.uk/vol1/fastq/ERR188/ERR188216/ERR188216_1.fastq.gz	e731adb726f096bfe3b3f9aa6b2596b1	Geuvadis	sequence	mRNA	NA12873	CEU	http://ftp.1000genomes.ebi.ac.uk/vol1/ftp/data_collections/geuvadis/README_geuvadis_datareuse_statement.md
ftp://ftp.sra.ebi.ac.uk/vol1/fastq/ERR188/ERR188058/ERR188058_2.fastq.gz	33f1f2cc357364e5c4df1844928a4962	Geuvadis	sequence	mRNA	NA12005	CEU	http://ftp.1000genomes.ebi.ac.uk/vol1/ftp/data_collections/geuvadis/README_geuvadis_datareuse_statement.md
ftp://ftp.sra.ebi.ac.uk/vol1/fastq/ERR188/ERR188022/ERR188022_2.fastq.gz	c91d541f18c6b30bf97f927dec1dc08c	Geuvadis	sequence	mRNA	NA12812	CEU	http://ftp.1000genomes.ebi.ac.uk/vol1/ftp/data_collections/geuvadis/README_geuvadis_datareuse_statement.md
ftp://ftp.sra.ebi.ac.uk/vol1/fastq/ERR188/ERR188433/ERR188433_2.fastq.gz	3d4266055982ee0c775ebad4e700adcc	Geuvadis	sequence	mRNA	NA11829	CEU	http://ftp.1000genomes.ebi.ac.uk/vol1/ftp/data_collections/geuvadis/README_geuvadis_datareuse_statement.md
ftp://ftp.sra.ebi.ac.uk/vol1/fastq/ERR188/ERR188435/ERR188435_2.fastq.gz	b2a833b8c96bba6f568445f51a04e89c	Geuvadis	sequence	mRNA	NA11830	CEU	http://ftp.1000genomes.ebi.ac.uk/vol1/ftp/data_collections/geuvadis/README_geuvadis_datareuse_statement.md
ftp://ftp.sra.ebi.ac.uk/vol1/fastq/ERR188/ERR188022/ERR188022_1.fastq.gz	9fabad7e2b8d6c7b441ff9fcccbf639c	Geuvadis	sequence	mRNA	NA12812	CEU	http://ftp.1000genomes.ebi.ac.uk/vol1/ftp/data_collections/geuvadis/README_geuvadis_datareuse_statement.md
ftp://ftp.sra.ebi.ac.uk/vol1/fastq/ERR188/ERR188377/ERR188377_1.fastq.gz	74e23bf32b4a7a8712fb328ad2547ecc	Geuvadis	sequence	mRNA	NA12045	CEU	http://ftp.1000genomes.ebi.ac.uk/vol1/ftp/data_collections/geuvadis/README_geuvadis_datareuse_statement.md
ftp://ftp.sra.ebi.ac.uk/vol1/fastq/ERR188/ERR188377/ERR188377_2.fastq.gz	fddebb1ca138441312e30b500df2b607	Geuvadis	sequence	mRNA	NA12045	CEU	http://ftp.1000genomes.ebi.ac.uk/vol1/ftp/data_collections/geuvadis/README_geuvadis_datareuse_statement.md
ftp://ftp.sra.ebi.ac.uk/vol1/fastq/ERR188/ERR188433/ERR188433_1.fastq.gz	3bff3de73a53359120d4b005d4404f42	Geuvadis	sequence	mRNA	NA11829	CEU	http://ftp.1000genomes.ebi.ac.uk/vol1/ftp/data_collections/geuvadis/README_geuvadis_datareuse_statement.md
ftp://ftp.sra.ebi.ac.uk/vol1/fastq/ERR188/ERR188435/ERR188435_1.fastq.gz	1ebb7e4bbe5da11d15f28a247b5d2891	Geuvadis	sequence	mRNA	NA11830	CEU	http://ftp.1000genomes.ebi.ac.uk/vol1/ftp/data_collections/geuvadis/README_geuvadis_datareuse_statement.md
ftp://ftp.sra.ebi.ac.uk/vol1/fastq/ERR188/ERR188327/ERR188327_2.fastq.gz	489b445a6feca2fa9c64acb4f020679e	Geuvadis	sequence	mRNA	NA06985	CEU	http://ftp.1000genomes.ebi.ac.uk/vol1/ftp/data_collections/geuvadis/README_geuvadis_datareuse_statement.md
ftp://ftp.sra.ebi.ac.uk/vol1/fastq/ERR188/ERR188327/ERR188327_1.fastq.gz	207cc4c439c6f0b69f488998fcadf42e	Geuvadis	sequence	mRNA	NA06985	CEU	http://ftp.1000genomes.ebi.ac.uk/vol1/ftp/data_collections/geuvadis/README_geuvadis_datareuse_statement.md
ftp://ftp.sra.ebi.ac.uk/vol1/fastq/ERR188/ERR188152/ERR188152_2.fastq.gz	cbd5026b8c9c06929c96e69e36da27b2	Geuvadis	sequence	mRNA	NA12751	CEU	http://ftp.1000genomes.ebi.ac.uk/vol1/ftp/data_collections/geuvadis/README_geuvadis_datareuse_statement.md
ftp://ftp.sra.ebi.ac.uk/vol1/fastq/ERR188/ERR188152/ERR188152_1.fastq.gz	15ad7e6f24523c1700f14d873c8a77cb	Geuvadis	sequence	mRNA	NA12751	CEU	http://ftp.1000genomes.ebi.ac.uk/vol1/ftp/data_collections/geuvadis/README_geuvadis_datareuse_statement.md
ftp://ftp.sra.ebi.ac.uk/vol1/fastq/ERR188/ERR188157/ERR188157_1.fastq.gz	d0a1ebd276928667863a307fbb955873	Geuvadis	sequence	mRNA	NA12872	CEU	http://ftp.1000genomes.ebi.ac.uk/vol1/ftp/data_collections/geuvadis/README_geuvadis_datareuse_statement.md
ftp://ftp.sra.ebi.ac.uk/vol1/fastq/ERR188/ERR188415/ERR188415_1.fastq.gz	d7469ab2593a2570904e087590ac9847	Geuvadis	sequence	mRNA	NA12058	CEU	http://ftp.1000genomes.ebi.ac.uk/vol1/ftp/data_collections/geuvadis/README_geuvadis_datareuse_statement.md
ftp://ftp.sra.ebi.ac.uk/vol1/fastq/ERR188/ERR188227/ERR188227_2.fastq.gz	018c28d20a2c8751fa8a66724546de17	Geuvadis	sequence	mRNA	NA12874	CEU	http://ftp.1000genomes.ebi.ac.uk/vol1/ftp/data_collections/geuvadis/README_geuvadis_datareuse_statement.md
ftp://ftp.sra.ebi.ac.uk/vol1/fastq/ERR188/ERR188415/ERR188415_2.fastq.gz	5e43d58d41e675ce6e8ab76effe0973f	Geuvadis	sequence	mRNA	NA12058	CEU	http://ftp.1000genomes.ebi.ac.uk/vol1/ftp/data_collections/geuvadis/README_geuvadis_datareuse_statement.md
ftp://ftp.sra.ebi.ac.uk/vol1/fastq/ERR188/ERR188157/ERR188157_2.fastq.gz	8f3070bc6da336c9bb393e888218e89c	Geuvadis	sequence	mRNA	NA12872	CEU	http://ftp.1000genomes.ebi.ac.uk/vol1/ftp/data_collections/geuvadis/README_geuvadis_datareuse_statement.md
ftp://ftp.sra.ebi.ac.uk/vol1/fastq/ERR188/ERR188227/ERR188227_1.fastq.gz	f9844024eef19ac89444c31b9b741ce0	Geuvadis	sequence	mRNA	NA12874	CEU	http://ftp.1000genomes.ebi.ac.uk/vol1/ftp/data_collections/geuvadis/README_geuvadis_datareuse_statement.md
ftp://ftp.sra.ebi.ac.uk/vol1/fastq/ERR188/ERR188348/ERR188348_1.fastq.gz	91853f5e605d9f546e7a0bb059de4b58	Geuvadis	sequence	mRNA	NA11995	CEU	http://ftp.1000genomes.ebi.ac.uk/vol1/ftp/data_collections/geuvadis/README_geuvadis_datareuse_statement.md
ftp://ftp.sra.ebi.ac.uk/vol1/fastq/ERR188/ERR188348/ERR188348_2.fastq.gz	748101bd03d8238b8f48ba89ac5422e5	Geuvadis	sequence	mRNA	NA11995	CEU	http://ftp.1000genomes.ebi.ac.uk/vol1/ftp/data_collections/geuvadis/README_geuvadis_datareuse_statement.md
ftp://ftp.sra.ebi.ac.uk/vol1/fastq/ERR188/ERR188086/ERR188086_1.fastq.gz	cd57b6eff79a733fde6dd8df91b22c31	Geuvadis	sequence	mRNA	NA11892	CEU	http://ftp.1000genomes.ebi.ac.uk/vol1/ftp/data_collections/geuvadis/README_geuvadis_datareuse_statement.md
ftp://ftp.sra.ebi.ac.uk/vol1/fastq/ERR188/ERR188086/ERR188086_2.fastq.gz	6555a12285bea311802d95d5d2e6fbb7	Geuvadis	sequence	mRNA	NA11892	CEU	http://ftp.1000genomes.ebi.ac.uk/vol1/ftp/data_collections/geuvadis/README_geuvadis_datareuse_statement.md
ftp://ftp.sra.ebi.ac.uk/vol1/fastq/ERR188/ERR188027/ERR188027_1.fastq.gz	963996a56c4c133ce5001e720f45bba6	Geuvadis	sequence	mRNA	NA07056	CEU	http://ftp.1000genomes.ebi.ac.uk/vol1/ftp/data_collections/geuvadis/README_geuvadis_datareuse_statement.md
ftp://ftp.sra.ebi.ac.uk/vol1/fastq/ERR188/ERR188446/ERR188446_1.fastq.gz	80d5608d2894b6de50088bbe714109c1	Geuvadis	sequence	mRNA	NA12347	CEU	http://ftp.1000genomes.ebi.ac.uk/vol1/ftp/data_collections/geuvadis/README_geuvadis_datareuse_statement.md
ftp://ftp.sra.ebi.ac.uk/vol1/fastq/ERR188/ERR188027/ERR188027_2.fastq.gz	d847fbd5ed441a15095cd157b213ec75	Geuvadis	sequence	mRNA	NA07056	CEU	http://ftp.1000genomes.ebi.ac.uk/vol1/ftp/data_collections/geuvadis/README_geuvadis_datareuse_statement.md
ftp://ftp.sra.ebi.ac.uk/vol1/fastq/ERR188/ERR188354/ERR188354_1.fastq.gz	10c1e489d36e6ae680dd36f9ea9176e4	Geuvadis	sequence	mRNA	NA12775	CEU	http://ftp.1000genomes.ebi.ac.uk/vol1/ftp/data_collections/geuvadis/README_geuvadis_datareuse_statement.md
ftp://ftp.sra.ebi.ac.uk/vol1/fastq/ERR188/ERR188371/ERR188371_2.fastq.gz	b81c2f5f5d964bdd1dc66551cc91af78	Geuvadis	sequence	mRNA	NA11920	CEU	http://ftp.1000genomes.ebi.ac.uk/vol1/ftp/data_collections/geuvadis/README_geuvadis_datareuse_statement.md
ftp://ftp.sra.ebi.ac.uk/vol1/fastq/ERR188/ERR188446/ERR188446_2.fastq.gz	639f7944724fe8d8dfdf4971c799af4d	Geuvadis	sequence	mRNA	NA12347	CEU	http://ftp.1000genomes.ebi.ac.uk/vol1/ftp/data_collections/geuvadis/README_geuvadis_datareuse_statement.md
ftp://ftp.sra.ebi.ac.uk/vol1/fastq/ERR188/ERR188474/ERR188474_1.fastq.gz	5848652997ffa5f30a635df50a38d610	Geuvadis	sequence	mRNA	NA07051	CEU	http://ftp.1000genomes.ebi.ac.uk/vol1/ftp/data_collections/geuvadis/README_geuvadis_datareuse_statement.md
ftp://ftp.sra.ebi.ac.uk/vol1/fastq/ERR188/ERR188474/ERR188474_2.fastq.gz	43803cd1e086d9c26c811326b562bd81	Geuvadis	sequence	mRNA	NA07051	CEU	http://ftp.1000genomes.ebi.ac.uk/vol1/ftp/data_collections/geuvadis/README_geuvadis_datareuse_statement.md
ftp://ftp.sra.ebi.ac.uk/vol1/fastq/ERR188/ERR188354/ERR188354_2.fastq.gz	5c48d5e2d24c2149a06cc7531eb78f3c	Geuvadis	sequence	mRNA	NA12775	CEU	http://ftp.1000genomes.ebi.ac.uk/vol1/ftp/data_collections/geuvadis/README_geuvadis_datareuse_statement.md
ftp://ftp.sra.ebi.ac.uk/vol1/fastq/ERR188/ERR188371/ERR188371_1.fastq.gz	3a5fcd80573da484c4c9da50f16c9342	Geuvadis	sequence	mRNA	NA11920	CEU	http://ftp.1000genomes.ebi.ac.uk/vol1/ftp/data_collections/geuvadis/README_geuvadis_datareuse_statement.md
ftp://ftp.sra.ebi.ac.uk/vol1/fastq/ERR188/ERR188101/ERR188101_2.fastq.gz	3a494bb72cd1852d6d57ab6fd54532bc	Geuvadis	sequence	mRNA	NA10847	CEU	http://ftp.1000genomes.ebi.ac.uk/vol1/ftp/data_collections/geuvadis/README_geuvadis_datareuse_statement.md
ftp://ftp.sra.ebi.ac.uk/vol1/fastq/ERR188/ERR188396/ERR188396_1.fastq.gz	5d6e38b60de1d61571b62fdd0f333dbb	Geuvadis	sequence	mRNA	NA12383	CEU	http://ftp.1000genomes.ebi.ac.uk/vol1/ftp/data_collections/geuvadis/README_geuvadis_datareuse_statement.md
ftp://ftp.sra.ebi.ac.uk/vol1/fastq/ERR188/ERR188134/ERR188134_2.fastq.gz	240662ddebfeb49fe012951a7353c097	Geuvadis	sequence	mRNA	NA12827	CEU	http://ftp.1000genomes.ebi.ac.uk/vol1/ftp/data_collections/geuvadis/README_geuvadis_datareuse_statement.md
ftp://ftp.sra.ebi.ac.uk/vol1/fastq/ERR188/ERR188134/ERR188134_1.fastq.gz	60790937bd703be43c2451297a39ec92	Geuvadis	sequence	mRNA	NA12827	CEU	http://ftp.1000genomes.ebi.ac.uk/vol1/ftp/data_collections/geuvadis/README_geuvadis_datareuse_statement.md
ftp://ftp.sra.ebi.ac.uk/vol1/fastq/ERR188/ERR188161/ERR188161_1.fastq.gz	34d52b21dcb6013a6b5a81f8fac9d6e0	Geuvadis	sequence	mRNA	NA11918	CEU	http://ftp.1000genomes.ebi.ac.uk/vol1/ftp/data_collections/geuvadis/README_geuvadis_datareuse_statement.md
ftp://ftp.sra.ebi.ac.uk/vol1/fastq/ERR188/ERR188047/ERR188047_2.fastq.gz	300a284ea239de84003a42788e38e5a2	Geuvadis	sequence	mRNA	NA06994	CEU	http://ftp.1000genomes.ebi.ac.uk/vol1/ftp/data_collections/geuvadis/README_geuvadis_datareuse_statement.md
ftp://ftp.sra.ebi.ac.uk/vol1/fastq/ERR188/ERR188101/ERR188101_1.fastq.gz	a78821bb0696b24c7dd21d6429e591ee	Geuvadis	sequence	mRNA	NA10847	CEU	http://ftp.1000genomes.ebi.ac.uk/vol1/ftp/data_collections/geuvadis/README_geuvadis_datareuse_statement.md
ftp://ftp.sra.ebi.ac.uk/vol1/fastq/ERR188/ERR188396/ERR188396_2.fastq.gz	e04f39722e3395768ef555e331f926ca	Geuvadis	sequence	mRNA	NA12383	CEU	http://ftp.1000genomes.ebi.ac.uk/vol1/ftp/data_collections/geuvadis/README_geuvadis_datareuse_statement.md
ftp://ftp.sra.ebi.ac.uk/vol1/fastq/ERR188/ERR188256/ERR188256_2.fastq.gz	51bb1d211e22d04a5d58a218fa3fe305	Geuvadis	sequence	mRNA	NA12777	CEU	http://ftp.1000genomes.ebi.ac.uk/vol1/ftp/data_collections/geuvadis/README_geuvadis_datareuse_statement.md
ftp://ftp.sra.ebi.ac.uk/vol1/fastq/ERR188/ERR188161/ERR188161_2.fastq.gz	1ecaa86cfd01101426534d1384dd0602	Geuvadis	sequence	mRNA	NA11918	CEU	http://ftp.1000genomes.ebi.ac.uk/vol1/ftp/data_collections/geuvadis/README_geuvadis_datareuse_statement.md
ftp://ftp.sra.ebi.ac.uk/vol1/fastq/ERR188/ERR188420/ERR188420_2.fastq.gz	c1474b359dbe628b5ed94085d7e60ee4	Geuvadis	sequence	mRNA	NA12763	CEU	http://ftp.1000genomes.ebi.ac.uk/vol1/ftp/data_collections/geuvadis/README_geuvadis_datareuse_statement.md
ftp://ftp.sra.ebi.ac.uk/vol1/fastq/ERR188/ERR188420/ERR188420_1.fastq.gz	638e240107a86761a5eb81b018b3cf84	Geuvadis	sequence	mRNA	NA12763	CEU	http://ftp.1000genomes.ebi.ac.uk/vol1/ftp/data_collections/geuvadis/README_geuvadis_datareuse_statement.md
ftp://ftp.sra.ebi.ac.uk/vol1/fastq/ERR188/ERR188256/ERR188256_1.fastq.gz	3ac69f1150affcf57c27818a82ac7a4f	Geuvadis	sequence	mRNA	NA12777	CEU	http://ftp.1000genomes.ebi.ac.uk/vol1/ftp/data_collections/geuvadis/README_geuvadis_datareuse_statement.md
ftp://ftp.sra.ebi.ac.uk/vol1/fastq/ERR188/ERR188047/ERR188047_1.fastq.gz	1ee5141a6e25b157945146873c9dbf7e	Geuvadis	sequence	mRNA	NA06994	CEU	http://ftp.1000genomes.ebi.ac.uk/vol1/ftp/data_collections/geuvadis/README_geuvadis_datareuse_statement.md
ftp://ftp.sra.ebi.ac.uk/vol1/fastq/ERR188/ERR188233/ERR188233_2.fastq.gz	04ab904d9b2cbe86e66f40e1d00a0d09	Geuvadis	sequence	mRNA	NA11993	CEU	http://ftp.1000genomes.ebi.ac.uk/vol1/ftp/data_collections/geuvadis/README_geuvadis_datareuse_statement.md
ftp://ftp.sra.ebi.ac.uk/vol1/fastq/ERR188/ERR188441/ERR188441_1.fastq.gz	f6dc37c702ed4c0c512663abafc3af2c	Geuvadis	sequence	mRNA	NA12348	CEU	http://ftp.1000genomes.ebi.ac.uk/vol1/ftp/data_collections/geuvadis/README_geuvadis_datareuse_statement.md
ftp://ftp.sra.ebi.ac.uk/vol1/fastq/ERR188/ERR188233/ERR188233_1.fastq.gz	82c69891dd5d036f758d094285adc2d8	Geuvadis	sequence	mRNA	NA11993	CEU	http://ftp.1000genomes.ebi.ac.uk/vol1/ftp/data_collections/geuvadis/README_geuvadis_datareuse_statement.md
ftp://ftp.sra.ebi.ac.uk/vol1/fastq/ERR188/ERR188441/ERR188441_2.fastq.gz	28c898eeb35cb7089095a374ae5020e6	Geuvadis	sequence	mRNA	NA12348	CEU	http://ftp.1000genomes.ebi.ac.uk/vol1/ftp/data_collections/geuvadis/README_geuvadis_datareuse_statement.md
ftp://ftp.sra.ebi.ac.uk/vol1/fastq/ERR188/ERR188228/ERR188228_1.fastq.gz	e8e9c0c4812bfe6b238bcc45f5456df6	Geuvadis	sequence	mRNA	NA12829	CEU	http://ftp.1000genomes.ebi.ac.uk/vol1/ftp/data_collections/geuvadis/README_geuvadis_datareuse_statement.md
ftp://ftp.sra.ebi.ac.uk/vol1/fastq/ERR188/ERR188176/ERR188176_1.fastq.gz	0beed0123b6007eafe168b786ff09ef9	Geuvadis	sequence	mRNA	NA07357	CEU	http://ftp.1000genomes.ebi.ac.uk/vol1/ftp/data_collections/geuvadis/README_geuvadis_datareuse_statement.md
ftp://ftp.sra.ebi.ac.uk/vol1/fastq/ERR188/ERR188176/ERR188176_2.fastq.gz	5311161a57c9e3d6e28975948620d44c	Geuvadis	sequence	mRNA	NA07357	CEU	http://ftp.1000genomes.ebi.ac.uk/vol1/ftp/data_collections/geuvadis/README_geuvadis_datareuse_statement.md
ftp://ftp.sra.ebi.ac.uk/vol1/fastq/ERR188/ERR188325/ERR188325_2.fastq.gz	cbffa77f930a6f6e862e8248784e20ef	Geuvadis	sequence	mRNA	NA06984	CEU	http://ftp.1000genomes.ebi.ac.uk/vol1/ftp/data_collections/geuvadis/README_geuvadis_datareuse_statement.md
ftp://ftp.sra.ebi.ac.uk/vol1/fastq/ERR188/ERR188228/ERR188228_2.fastq.gz	cd1cc7b4521888218ace9dbc7222bc94	Geuvadis	sequence	mRNA	NA12829	CEU	http://ftp.1000genomes.ebi.ac.uk/vol1/ftp/data_collections/geuvadis/README_geuvadis_datareuse_statement.md
ftp://ftp.sra.ebi.ac.uk/vol1/fastq/ERR188/ERR188325/ERR188325_1.fastq.gz	09fc197951e0b99aff4ae056245ac60f	Geuvadis	sequence	mRNA	NA06984	CEU	http://ftp.1000genomes.ebi.ac.uk/vol1/ftp/data_collections/geuvadis/README_geuvadis_datareuse_statement.md
ftp://ftp.sra.ebi.ac.uk/vol1/fastq/ERR188/ERR188142/ERR188142_2.fastq.gz	2d7c53c7ba448969ab687f1d1306187b	Geuvadis	sequence	mRNA	NA12287	CEU	http://ftp.1000genomes.ebi.ac.uk/vol1/ftp/data_collections/geuvadis/README_geuvadis_datareuse_statement.md
ftp://ftp.sra.ebi.ac.uk/vol1/fastq/ERR188/ERR188142/ERR188142_1.fastq.gz	3c6d4176b01d84f7ed6c6570091c0c08	Geuvadis	sequence	mRNA	NA12287	CEU	http://ftp.1000genomes.ebi.ac.uk/vol1/ftp/data_collections/geuvadis/README_geuvadis_datareuse_statement.md
ftp://ftp.sra.ebi.ac.uk/vol1/fastq/ERR188/ERR188246/ERR188246_2.fastq.gz	6e36dd80e7e5065f73548868867c56e5	Geuvadis	sequence	mRNA	NA11840	CEU	http://ftp.1000genomes.ebi.ac.uk/vol1/ftp/data_collections/geuvadis/README_geuvadis_datareuse_statement.md
ftp://ftp.sra.ebi.ac.uk/vol1/fastq/ERR188/ERR188291/ERR188291_1.fastq.gz	c5412b09d25282de59ad3e0ca9512900	Geuvadis	sequence	mRNA	NA12813	CEU	http://ftp.1000genomes.ebi.ac.uk/vol1/ftp/data_collections/geuvadis/README_geuvadis_datareuse_statement.md
ftp://ftp.sra.ebi.ac.uk/vol1/fastq/ERR188/ERR188291/ERR188291_2.fastq.gz	ba5b9e00305b46f3eddc8f5cad028576	Geuvadis	sequence	mRNA	NA12813	CEU	http://ftp.1000genomes.ebi.ac.uk/vol1/ftp/data_collections/geuvadis/README_geuvadis_datareuse_statement.md
ftp://ftp.sra.ebi.ac.uk/vol1/fastq/ERR188/ERR188051/ERR188051_2.fastq.gz	5c642900e59a8b03910c4635fbbe9b9e	Geuvadis	sequence	mRNA	NA12830	CEU	http://ftp.1000genomes.ebi.ac.uk/vol1/ftp/data_collections/geuvadis/README_geuvadis_datareuse_statement.md
ftp://ftp.sra.ebi.ac.uk/vol1/fastq/ERR188/ERR188246/ERR188246_1.fastq.gz	49a9f55e9dfa57e1518cb7deb03a5b61	Geuvadis	sequence	mRNA	NA11840	CEU	http://ftp.1000genomes.ebi.ac.uk/vol1/ftp/data_collections/geuvadis/README_geuvadis_datareuse_statement.md
ftp://ftp.sra.ebi.ac.uk/vol1/fastq/ERR188/ERR188051/ERR188051_1.fastq.gz	55e50a5fb76f94de39138597537d4448	Geuvadis	sequence	mRNA	NA12830	CEU	http://ftp.1000genomes.ebi.ac.uk/vol1/ftp/data_collections/geuvadis/README_geuvadis_datareuse_statement.md
ftp://ftp.sra.ebi.ac.uk/vol1/fastq/ERR188/ERR188467/ERR188467_2.fastq.gz	5d9e4a339d6851587b51dd5fed48ba87	Geuvadis	sequence	mRNA	NA12286	CEU	http://ftp.1000genomes.ebi.ac.uk/vol1/ftp/data_collections/geuvadis/README_geuvadis_datareuse_statement.md
ftp://ftp.sra.ebi.ac.uk/vol1/fastq/ERR188/ERR188339/ERR188339_2.fastq.gz	28c7989f788a271850a5ac173d2d5ad4	Geuvadis	sequence	mRNA	NA12815	CEU	http://ftp.1000genomes.ebi.ac.uk/vol1/ftp/data_collections/geuvadis/README_geuvadis_datareuse_statement.md
ftp://ftp.sra.ebi.ac.uk/vol1/fastq/ERR188/ERR188092/ERR188092_1.fastq.gz	079f1175e8669165ea2bfe076c1ee1d6	Geuvadis	sequence	mRNA	NA12546	CEU	http://ftp.1000genomes.ebi.ac.uk/vol1/ftp/data_collections/geuvadis/README_geuvadis_datareuse_statement.md
ftp://ftp.sra.ebi.ac.uk/vol1/fastq/ERR188/ERR188177/ERR188177_1.fastq.gz	10b537ab077da8a18735d90dd1676b02	Geuvadis	sequence	mRNA	NA12234	CEU	http://ftp.1000genomes.ebi.ac.uk/vol1/ftp/data_collections/geuvadis/README_geuvadis_datareuse_statement.md
ftp://ftp.sra.ebi.ac.uk/vol1/fastq/ERR188/ERR188092/ERR188092_2.fastq.gz	b93360358bb16d6d056b85aecce38739	Geuvadis	sequence	mRNA	NA12546	CEU	http://ftp.1000genomes.ebi.ac.uk/vol1/ftp/data_collections/geuvadis/README_geuvadis_datareuse_statement.md
ftp://ftp.sra.ebi.ac.uk/vol1/fastq/ERR188/ERR188467/ERR188467_1.fastq.gz	4eec47f9cb8e446bed32c153e56485d9	Geuvadis	sequence	mRNA	NA12286	CEU	http://ftp.1000genomes.ebi.ac.uk/vol1/ftp/data_collections/geuvadis/README_geuvadis_datareuse_statement.md
ftp://ftp.sra.ebi.ac.uk/vol1/fastq/ERR188/ERR188339/ERR188339_1.fastq.gz	f930355862263588aed02c4ad75d2ca5	Geuvadis	sequence	mRNA	NA12815	CEU	http://ftp.1000genomes.ebi.ac.uk/vol1/ftp/data_collections/geuvadis/README_geuvadis_datareuse_statement.md
ftp://ftp.sra.ebi.ac.uk/vol1/fastq/ERR188/ERR188177/ERR188177_2.fastq.gz	38b5f9350ec3fded2a440b9aff73a294	Geuvadis	sequence	mRNA	NA12234	CEU	http://ftp.1000genomes.ebi.ac.uk/vol1/ftp/data_collections/geuvadis/README_geuvadis_datareuse_statement.md
ftp://ftp.sra.ebi.ac.uk/vol1/fastq/ERR188/ERR188099/ERR188099_2.fastq.gz	7e0f4acca70ec758ba4901cc0d03e5bd	Geuvadis	sequence	mRNA	NA12843	CEU	http://ftp.1000genomes.ebi.ac.uk/vol1/ftp/data_collections/geuvadis/README_geuvadis_datareuse_statement.md
ftp://ftp.sra.ebi.ac.uk/vol1/fastq/ERR188/ERR188235/ERR188235_1.fastq.gz	5c20636b19c4256ad67f3a313efd476f	Geuvadis	sequence	mRNA	NA11930	CEU	http://ftp.1000genomes.ebi.ac.uk/vol1/ftp/data_collections/geuvadis/README_geuvadis_datareuse_statement.md
ftp://ftp.sra.ebi.ac.uk/vol1/fastq/ERR188/ERR188413/ERR188413_1.fastq.gz	381503472d529a371ce37d7f3fe5ffb7	Geuvadis	sequence	mRNA	NA12890	CEU	http://ftp.1000genomes.ebi.ac.uk/vol1/ftp/data_collections/geuvadis/README_geuvadis_datareuse_statement.md
ftp://ftp.sra.ebi.ac.uk/vol1/fastq/ERR188/ERR188235/ERR188235_2.fastq.gz	016e084716245a4b707650eeee77e75d	Geuvadis	sequence	mRNA	NA11930	CEU	http://ftp.1000genomes.ebi.ac.uk/vol1/ftp/data_collections/geuvadis/README_geuvadis_datareuse_statement.md
ftp://ftp.sra.ebi.ac.uk/vol1/fastq/ERR188/ERR188331/ERR188331_1.fastq.gz	e16891fb5fd255c197b5fed7c616080e	Geuvadis	sequence	mRNA	NA12155	CEU	http://ftp.1000genomes.ebi.ac.uk/vol1/ftp/data_collections/geuvadis/README_geuvadis_datareuse_statement.md
ftp://ftp.sra.ebi.ac.uk/vol1/fastq/ERR188/ERR188067/ERR188067_2.fastq.gz	5bbaf2fad06369773469d9bea469d072	Geuvadis	sequence	mRNA	NA11831	CEU	http://ftp.1000genomes.ebi.ac.uk/vol1/ftp/data_collections/geuvadis/README_geuvadis_datareuse_statement.md
ftp://ftp.sra.ebi.ac.uk/vol1/fastq/ERR188/ERR188099/ERR188099_1.fastq.gz	67c4e7e628214fdfd687bacbdae53bcc	Geuvadis	sequence	mRNA	NA12843	CEU	http://ftp.1000genomes.ebi.ac.uk/vol1/ftp/data_collections/geuvadis/README_geuvadis_datareuse_statement.md
ftp://ftp.sra.ebi.ac.uk/vol1/fastq/ERR188/ERR188331/ERR188331_2.fastq.gz	5e884f307be8f33da205599208385a3d	Geuvadis	sequence	mRNA	NA12155	CEU	http://ftp.1000genomes.ebi.ac.uk/vol1/ftp/data_collections/geuvadis/README_geuvadis_datareuse_statement.md
ftp://ftp.sra.ebi.ac.uk/vol1/fastq/ERR188/ERR188413/ERR188413_2.fastq.gz	df84fb9a4f9b9d4658432fd5bad0b975	Geuvadis	sequence	mRNA	NA12890	CEU	http://ftp.1000genomes.ebi.ac.uk/vol1/ftp/data_collections/geuvadis/README_geuvadis_datareuse_statement.md
ftp://ftp.sra.ebi.ac.uk/vol1/fastq/ERR188/ERR188067/ERR188067_1.fastq.gz	ed2ace39003aac881a1965257e2e5fbf	Geuvadis	sequence	mRNA	NA11831	CEU	http://ftp.1000genomes.ebi.ac.uk/vol1/ftp/data_collections/geuvadis/README_geuvadis_datareuse_statement.md
ftp://ftp.sra.ebi.ac.uk/vol1/fastq/ERR188/ERR188431/ERR188431_2.fastq.gz	b85a14206859a2fa1a460b4045b4b530	Geuvadis	sequence	mRNA	NA12273	CEU	http://ftp.1000genomes.ebi.ac.uk/vol1/ftp/data_collections/geuvadis/README_geuvadis_datareuse_statement.md
ftp://ftp.sra.ebi.ac.uk/vol1/fastq/ERR188/ERR188376/ERR188376_1.fastq.gz	9ba79675791bd77749e4714bd088fd27	Geuvadis	sequence	mRNA	NA07037	CEU	http://ftp.1000genomes.ebi.ac.uk/vol1/ftp/data_collections/geuvadis/README_geuvadis_datareuse_statement.md
ftp://ftp.sra.ebi.ac.uk/vol1/fastq/ERR188/ERR188431/ERR188431_1.fastq.gz	422d3e347df6941a58389eba62d94866	Geuvadis	sequence	mRNA	NA12273	CEU	http://ftp.1000genomes.ebi.ac.uk/vol1/ftp/data_collections/geuvadis/README_geuvadis_datareuse_statement.md
ftp://ftp.sra.ebi.ac.uk/vol1/fastq/ERR188/ERR188376/ERR188376_2.fastq.gz	42243cf46b51b8483599ed1d3c6e4d89	Geuvadis	sequence	mRNA	NA07037	CEU	http://ftp.1000genomes.ebi.ac.uk/vol1/ftp/data_collections/geuvadis/README_geuvadis_datareuse_statement.md
ftp://ftp.sra.ebi.ac.uk/vol1/fastq/ERR188/ERR188032/ERR188032_1.fastq.gz	d87e91b75a4bb5a7b61582939d2f3aca	Geuvadis	sequence	mRNA	NA12275	CEU	http://ftp.1000genomes.ebi.ac.uk/vol1/ftp/data_collections/geuvadis/README_geuvadis_datareuse_statement.md
ftp://ftp.sra.ebi.ac.uk/vol1/fastq/ERR188/ERR188388/ERR188388_1.fastq.gz	bc50f7ced3c2ca81f940cc7fb6aecbb4	Geuvadis	sequence	mRNA	NA12341	CEU	http://ftp.1000genomes.ebi.ac.uk/vol1/ftp/data_collections/geuvadis/README_geuvadis_datareuse_statement.md
ftp://ftp.sra.ebi.ac.uk/vol1/fastq/ERR188/ERR188135/ERR188135_1.fastq.gz	84d773729eb354be947b9d29477e0263	Geuvadis	sequence	mRNA	NA07346	CEU	http://ftp.1000genomes.ebi.ac.uk/vol1/ftp/data_collections/geuvadis/README_geuvadis_datareuse_statement.md
ftp://ftp.sra.ebi.ac.uk/vol1/fastq/ERR188/ERR188388/ERR188388_2.fastq.gz	a04d54f07a9f1340d2f1254f2195aa9b	Geuvadis	sequence	mRNA	NA12341	CEU	http://ftp.1000genomes.ebi.ac.uk/vol1/ftp/data_collections/geuvadis/README_geuvadis_datareuse_statement.md
ftp://ftp.sra.ebi.ac.uk/vol1/fastq/ERR188/ERR188032/ERR188032_2.fastq.gz	453c03d8e06e87a30eab51ce7057043f	Geuvadis	sequence	mRNA	NA12275	CEU	http://ftp.1000genomes.ebi.ac.uk/vol1/ftp/data_collections/geuvadis/README_geuvadis_datareuse_statement.md
ftp://ftp.sra.ebi.ac.uk/vol1/fastq/ERR188/ERR188062/ERR188062_1.fastq.gz	4c9649674e92f8895f57606f88a7eb83	Geuvadis	sequence	mRNA	NA11992	CEU	http://ftp.1000genomes.ebi.ac.uk/vol1/ftp/data_collections/geuvadis/README_geuvadis_datareuse_statement.md
ftp://ftp.sra.ebi.ac.uk/vol1/fastq/ERR188/ERR188062/ERR188062_2.fastq.gz	8985f57ab39a75f493a3a7a6150be601	Geuvadis	sequence	mRNA	NA11992	CEU	http://ftp.1000genomes.ebi.ac.uk/vol1/ftp/data_collections/geuvadis/README_geuvadis_datareuse_statement.md
ftp://ftp.sra.ebi.ac.uk/vol1/fastq/ERR188/ERR188349/ERR188349_2.fastq.gz	ab7b527fde782fc3fc44eee596b3664c	Geuvadis	sequence	mRNA	NA12842	CEU	http://ftp.1000genomes.ebi.ac.uk/vol1/ftp/data_collections/geuvadis/README_geuvadis_datareuse_statement.md
ftp://ftp.sra.ebi.ac.uk/vol1/fastq/ERR188/ERR188319/ERR188319_1.fastq.gz	0805009cc6c0ed3db08b0c286c10d93b	Geuvadis	sequence	mRNA	NA12249	CEU	http://ftp.1000genomes.ebi.ac.uk/vol1/ftp/data_collections/geuvadis/README_geuvadis_datareuse_statement.md
ftp://ftp.sra.ebi.ac.uk/vol1/fastq/ERR188/ERR188319/ERR188319_2.fastq.gz	8b8ff87c7764d8dda4a25dd933fc667e	Geuvadis	sequence	mRNA	NA12249	CEU	http://ftp.1000genomes.ebi.ac.uk/vol1/ftp/data_collections/geuvadis/README_geuvadis_datareuse_statement.md
ftp://ftp.sra.ebi.ac.uk/vol1/fastq/ERR188/ERR188135/ERR188135_2.fastq.gz	7324ec6d2781ec9adf28284083110152	Geuvadis	sequence	mRNA	NA07346	CEU	http://ftp.1000genomes.ebi.ac.uk/vol1/ftp/data_collections/geuvadis/README_geuvadis_datareuse_statement.md
ftp://ftp.sra.ebi.ac.uk/vol1/fastq/ERR188/ERR188279/ERR188279_1.fastq.gz	d4303859359d50befb71dbaf467430d8	Geuvadis	sequence	mRNA	NA12776	CEU	http://ftp.1000genomes.ebi.ac.uk/vol1/ftp/data_collections/geuvadis/README_geuvadis_datareuse_statement.md
ftp://ftp.sra.ebi.ac.uk/vol1/fastq/ERR188/ERR188349/ERR188349_1.fastq.gz	2c16ac334cefe4e4d2cc63f35a069d01	Geuvadis	sequence	mRNA	NA12842	CEU	http://ftp.1000genomes.ebi.ac.uk/vol1/ftp/data_collections/geuvadis/README_geuvadis_datareuse_statement.md
ftp://ftp.sra.ebi.ac.uk/vol1/fastq/ERR188/ERR188279/ERR188279_2.fastq.gz	07c3d451b611eefce0c5e4041c8f499e	Geuvadis	sequence	mRNA	NA12776	CEU	http://ftp.1000genomes.ebi.ac.uk/vol1/ftp/data_collections/geuvadis/README_geuvadis_datareuse_statement.md
ftp://ftp.sra.ebi.ac.uk/vol1/fastq/ERR188/ERR188172/ERR188172_1.fastq.gz	ddfc7484a5c1e4ef671ace4eb5ecf8ff	Geuvadis	sequence	mRNA	NA12154	CEU	http://ftp.1000genomes.ebi.ac.uk/vol1/ftp/data_collections/geuvadis/README_geuvadis_datareuse_statement.md
ftp://ftp.sra.ebi.ac.uk/vol1/fastq/ERR188/ERR188244/ERR188244_2.fastq.gz	4a2187dd71c35888e215dc1d93984cc6	Geuvadis	sequence	mRNA	NA12718	CEU	http://ftp.1000genomes.ebi.ac.uk/vol1/ftp/data_collections/geuvadis/README_geuvadis_datareuse_statement.md
ftp://ftp.sra.ebi.ac.uk/vol1/fastq/ERR188/ERR188244/ERR188244_1.fastq.gz	018897a35685ad86cdae1e47fbd9762a	Geuvadis	sequence	mRNA	NA12718	CEU	http://ftp.1000genomes.ebi.ac.uk/vol1/ftp/data_collections/geuvadis/README_geuvadis_datareuse_statement.md
ftp://ftp.sra.ebi.ac.uk/vol1/fastq/ERR188/ERR188172/ERR188172_2.fastq.gz	0e0b653b03629c565561f77c418efa67	Geuvadis	sequence	mRNA	NA12154	CEU	http://ftp.1000genomes.ebi.ac.uk/vol1/ftp/data_collections/geuvadis/README_geuvadis_datareuse_statement.md
ftp://ftp.sra.ebi.ac.uk/vol1/fastq/ERR188/ERR188277/ERR188277_1.fastq.gz	0b322df2565dda1d914000d643d05af1	Geuvadis	sequence	mRNA	NA12340	CEU	http://ftp.1000genomes.ebi.ac.uk/vol1/ftp/data_collections/geuvadis/README_geuvadis_datareuse_statement.md
ftp://ftp.sra.ebi.ac.uk/vol1/fastq/ERR188/ERR188277/ERR188277_2.fastq.gz	2ed020e7e5bee8675e4208b4e72f0497	Geuvadis	sequence	mRNA	NA12340	CEU	http://ftp.1000genomes.ebi.ac.uk/vol1/ftp/data_collections/geuvadis/README_geuvadis_datareuse_statement.md
